net,length_um
_1168_,658.93
_1158_,644.375
_3922_,626.15
_1842_,619.22
_2978_,616.42
_4030_,604.21
_4113_,598.36
clknet_0_CLK,595.97
_3460_,592.42
_3958_,587.84
_3667_,586.63
_3994_,581.925
_3160_,579.81
_3689_,575.71
_3449_,572.85
_4102_,571.71
_3849_,571.39
_1604_,558.74
_3630_,556.2
_1075_,553.255
_3594_,551.845
_3101_,549.39
_3886_,546.375
_1586_,544.1
_3558_,543.39
_3705_,534.97
_3777_,534.19
_1618_,530.065
_3059_,525.56
_3716_,522.93
_1634_,522.39
_1159_,521.87
_1635_,520.56
_1845_,518.29
_3813_,517.89
_3616_,513.195
_3871_,509.025
_1062_,507.48
_3580_,505.19
_4041_,504.56
_4066_,503.9
_1126_,503.155
_3908_,501.9
_4222_,499.995
_3040_,498.14
_3727_,495.4
_1027_,494.84
_4138_,492.32
_1643_,490.155
_1029_,489.9
_3471_,488.93
_4052_,486.53
_1034_,486.43
_3652_,482.89
_3232_,482.02
_3171_,480.64
_1049_,479.455
_3860_,478.19
_1611_,476.87
_3944_,476.8
_3763_,476.24
_4174_,474.26
_4088_,473.9
_4124_,473.5
_3569_,473.3
_3980_,472.795
_3605_,472.5
_3270_,472.08
_3182_,468.47
_1077_,467.56
_1121_,467.45
_1041_,467.3
_1863_,466.62
_1106_,466.52
_4016_,466.42
_1173_,465.77
_1186_,462.75
_1188_,461.975
_4211_,461.58
_1039_,461.365
_3799_,461.29
_1605_,460.95
_1636_,459.145
_3532_,456.75
_3507_,455.32
_3897_,455.1
_3410_,454.36
_3933_,453.26
_1886_,451.4
_3318_,450.2
_3788_,449.77
_3641_,448.82
_3824_,447.98
_1587_,446.82
_3835_,446.22
_4160_,445.285
_3281_,443.95
_1059_,443.91
clknet_3_6__leaf_CLK,443.11
_3196_,441.64
_3218_,439.505
_1865_,437.9
_1033_,435.82
_4005_,433.55
clknet_3_5__leaf_CLK,432.3
_1675_,431.13
_4077_,429.7
_3080_,428.8
_3019_,428.18
_1042_,427.68
_1061_,427.06
_1603_,426.79
_3292_,426.48
_2030_,423.68
_1997_,422.44
_3678_,421.02
_1854_,420.68
_3243_,420.26
clknet_3_0__leaf_CLK,420.22
_4196_,420.095
_3355_,418.96
_1133_,418.26
_1860_,417
_3254_,404.77
_1069_,400.43
_1858_,400.27
_1614_,398.95
_2998_,398.66
_1110_,397.1
clknet_3_3__leaf_CLK,395.73
_1118_,394.13
_3207_,392.08
_1884_,391.61
_1141_,391.5
_3969_,390.835
_1642_,389.83
_3496_,389.07
_3329_,388.44
_1681_,387.9
_1116_,386.23
_2157_,385.37
clknet_3_4__leaf_CLK,381.86
_4149_,381.48
_1644_,381.06
clknet_3_1__leaf_CLK,379.54
net82,379.52
_1847_,378.1
_3344_,377.04
_3389_,376.54
_1844_,376.05
_1585_,375.47
_1857_,373.69
_3752_,371.87
_1117_,370.12
_1025_,368.41
_1964_,367.83
_1850_,367.03
_1598_,364.96
_1612_,363.42
_1358_,362.66
_4185_,361.78
_1864_,360.97
_1130_,360.18
_1129_,359.78
_1272_,355.895
_1947_,353.28
_1980_,353.1
_1619_,351.68
_2140_,350.72
CLK,348.71
_1617_,347.065
_3307_,345.17
_1948_,341.31
_1622_,341.29
_3521_,341.16
_1625_,339.09
_1308_,338.71
_1163_,338.19
_1281_,336.935
_3543_,335.56
net5,335.525
_1595_,334.645
_3431_,333.44
_1597_,332.39
_1050_,331.86
_1164_,330.94
_1128_,329.26
_3741_,327.65
clknet_3_7__leaf_CLK,321.96
_1052_,321.37
_1161_,318.17
_1610_,317.88
net3,317.53
_1942_,317.11
_1624_,316.055
_3388_,314.59
_1134_,314.255
net98,311.32
_1328_,310.71
_2175_,310.11
_1165_,310.04
_1302_,309.52
_1626_,309.49
_1848_,309.13
_1205_,309.07
_1835_,308.46
clknet_3_2__leaf_CLK,307.38
_1637_,306.68
_1026_,304.59
_3366_,303.88
_1885_,303.73
_1883_,303
_1028_,301.26
_1068_,301.03
_1284_,299.78
_3520_,299.39
_1589_,299.06
_1343_,298.28
_1327_,297.84
_1851_,296.01
_1590_,295.15
_1549_,293.1
_1342_,292.86
_1357_,291.14
_1296_,290.775
_1135_,290.7
_1176_,287.97
_1911_,287.39
_1082_,286.03
_1084_,283.81
net88,283.44
_1678_,282.84
_1229_,282.26
_1628_,281.56
_1046_,281.12
_2087_,280.92
_3485_,280.5
_1663_,280.47
_1859_,279.87
_1282_,278.59
_3740_,278.22
_3343_,278.09
_1674_,276.875
_1316_,276.08
_1094_,272.95
_3484_,272.71
_2997_,271.9
_1646_,271.12
_1680_,270.84
net1126,270.08
_1230_,269.61
_1599_,268.21
_1682_,265.45
_1684_,265.03
_1044_,263.06
_2253_,262.12
_2067_,260.77
_1676_,259.91
_1834_,259.55
_1175_,258.975
_1262_,255.68
_1304_,254.79
_1533_,254.74
_1045_,254.625
_1677_,253.45
_3077_,253.31
_1592_,252.67
_1143_,247.76
_3306_,244.39
_3002_,242.88
_1696_,241.14
_1878_,240.63
_1621_,238.33
_2271_,237.91
_1846_,235.82
_1063_,235.65
_3016_,234.16
_1083_,232.34
_1185_,230.93
_1053_,229.68
_1683_,229.14
_1322_,225.86
_1716_,224.73
_2192_,223.28
_1499_,222.61
_1483_,222.54
_1808_,216.54
_1051_,216.32
_1591_,212.16
_2083_,211.31
_3407_,210.46
_1613_,210.12
_1273_,209.96
_1275_,208.96
_1594_,208.87
_1849_,207.96
_1588_,207.37
_1055_,207.24
_3395_,205.3
_1669_,204.99
_2103_,204.72
_1043_,203.32
_1274_,203.01
_1467_,202.06
_3018_,201.29
_1679_,200.85
_1627_,199.6
_3006_,199.44
_2988_,199.32
_1668_,196.84
_3409_,196.6
_1093_,196.31
_1868_,195.95
_1276_,195.33
_1450_,194.45
A2[0],193.33
_1451_,192.82
_1228_,191.99
_1187_,191.91
_1648_,190.72
net8,190.58
_1623_,189.01
_1584_,188.89
_1596_,186.94
_1891_,185.36
_1738_,185.09
_1629_,184.86
_1667_,184.4
_1293_,184.14
_3159_,184.14
_1115_,183.39
_3000_,182.86
_2049_,182.32
_1315_,182.06
_1831_,181.555
_1105_,178.24
_1189_,177.15
_2992_,176.96
A2[1],174.8
_1600_,174.68
_2977_,174.29
_1090_,173.7
_3381_,173.56
_3058_,173.55
_3957_,173.35
_2984_,172.96
_2000_,172.66
_2990_,172.2
_3037_,171.85
_3385_,170.35
_2021_,169.8
net28,169.42
_2120_,169
_3921_,168.7
_2001_,168.42
net93,168.42
_1065_,167.08
_3393_,166.62
_1349_,165.46
_1593_,164.88
_3397_,164.8
_3004_,164.7
_1303_,162.71
_1099_,162.52
_1113_,161.88
_2029_,161.34
_1401_,160.8
_1737_,159.8
_2234_,158.35
clknet_leaf_106_CLK,158.19
_2970_,156.81
_2434_,156.49
net6,155.6
_3375_,155.48
_3848_,155.23
_3123_,155.2
_3063_,153.17
_4173_,151.86
_1792_,150.94
_1305_,150.51
_1507_,150.47
_3666_,150.2
_1756_,150.09
_2216_,149.83
_3039_,149.64
_2986_,149.52
_3422_,149.3
clknet_leaf_66_CLK,149.3
_3403_,148.96
_3993_,148.69
_3391_,148.33
_3629_,147.47
_2340_,147.03
_1415_,146.92
net26,145.66
_3448_,145.12
_3399_,143.84
_3371_,142.99
_1609_,142.78
_3031_,142.52
_1772_,141.84
_3029_,141.84
_3885_,141.8
_3021_,141.37
_2198_,141.19
_3428_,140.96
_3044_,140.21
_1700_,140.14
_3065_,139.66
_2994_,139.58
net16,139.38
_3008_,138.9
_3025_,138.8
_4029_,137.17
_1926_,136.02
_2276_,134.93
_2485_,134.43
_2982_,133.82
_3195_,133.68
_3401_,133.4
_3014_,133.2
_4137_,133.18
_3033_,132.98
net27,132.38
_3383_,131.62
_3023_,131.4
_1333_,131.21
_3373_,130.38
_3414_,130.26
_3012_,129.23
_4101_,129.2
_1564_,129.08
_3437_,128.76
net18,128.58
_3042_,128.46
_1649_,128.1
clknet_leaf_83_CLK,127.78
_3088_,127.5
net45,127.31
_2445_,126.56
_3105_,126.32
_3377_,125.9
_2447_,125.8
_3424_,125.72
_3405_,125.58
_3379_,125.3
_3433_,125.16
_3416_,124.12
_4065_,123.42
_3075_,123.41
_3067_,122.68
_3073_,122.21
_3010_,122.11
_3269_,121.7
clknet_leaf_12_CLK,121.54
net29,121.51
_3061_,121.32
_1830_,121.3
_3027_,121.08
_3435_,120.83
_2027_,120.1
_3387_,119.82
_3111_,118.72
_3084_,118.58
_3119_,118.2
net10,118.1
_2050_,117.48
_3046_,117.03
_2026_,116.56
_3098_,116.52
_2420_,116.14
_1270_,116
_3420_,115.94
net9,115.74
_3426_,114.98
net15,114.35
_3231_,114.02
_3812_,113.76
clknet_leaf_1_CLK,113.64
_3100_,113.52
_3117_,113.48
clknet_leaf_29_CLK,113.04
_1255_,112.53
net56,112.36
_2569_,111.96
_2197_,111.75
clknet_leaf_24_CLK,110.96
_3121_,110.88
_1416_,110.08
_3035_,109.66
_3107_,109.66
_3069_,108.66
_3430_,108.47
_3086_,107.62
_3418_,107.395
_2044_,106.66
clknet_leaf_48_CLK,106.44
_3103_,106
_1223_,105.98
clknet_leaf_65_CLK,105.88
_3071_,105.86
_2111_,105.26
_3096_,105.06
_2051_,104.74
_3776_,104.64
_3092_,103.76
_2292_,102.89
_3082_,102.875
_2714_,102.8
_3113_,102.72
clknet_leaf_78_CLK,102.66
_1789_,102.6
clknet_leaf_4_CLK,102.4
clknet_leaf_33_CLK,101.94
_3056_,101.33
clknet_leaf_35_CLK,101.22
_1174_,101.19
net39,101.1
clknet_leaf_96_CLK,101.04
_3557_,100.675
_2366_,100.62
_1432_,100.1
_3109_,99.6
clknet_leaf_67_CLK,99.32
_2003_,99.14
_2028_,98.8
clknet_leaf_77_CLK,98.51
clknet_leaf_93_CLK,98.5
net7,97.96
_2443_,97.32
clknet_leaf_13_CLK,96.66
_3115_,96.655
clknet_leaf_69_CLK,96.52
clknet_leaf_28_CLK,95.72
net47,95.52
_2547_,95.44
clknet_leaf_10_CLK,95.175
clknet_leaf_56_CLK,94.9
_2025_,94.49
_3090_,94.32
_1383_,94.18
_1516_,93.62
clknet_leaf_84_CLK,93
clknet_leaf_0_CLK,92.88
clknet_leaf_99_CLK,92.66
clknet_leaf_55_CLK,92.22
clknet_leaf_15_CLK,91.8
_3412_,90.92
clknet_leaf_89_CLK,90.455
clknet_leaf_91_CLK,90.4
_2759_,90.36
clknet_leaf_40_CLK,90.08
clknet_leaf_7_CLK,89.86
clknet_leaf_16_CLK,89.82
_2722_,89.81
clknet_leaf_26_CLK,89.81
_2535_,89.67
_1111_,89.66
_3094_,89.08
_2207_,89.04
clknet_leaf_23_CLK,88.94
clknet_leaf_63_CLK,88.76
net97,88.71
net36,88.48
net50,88.32
net59,88.3
_2446_,88.18
_1753_,87.7
_1271_,87.47
_3704_,87.38
clknet_leaf_68_CLK,86.3
_2980_,85.8
_3593_,85.72
clknet_leaf_82_CLK,85.48
clknet_leaf_88_CLK,85.4
_2421_,85.38
clknet_leaf_60_CLK,85.28
_1833_,84.62
_1641_,84.5
net31,84.42
clknet_leaf_104_CLK,84.295
_1024_,84.09
clknet_leaf_73_CLK,83.9
_2418_,83.88
_2660_,83.81
clknet_leaf_76_CLK,83.78
clknet_leaf_79_CLK,83.68
_2309_,83.31
_1092_,82.75
clknet_leaf_3_CLK,82.64
clknet_leaf_36_CLK,81.92
_1955_,81.88
clknet_leaf_75_CLK,81.88
_2022_,81.76
_1246_,81.46
_3079_,81.42
_2200_,80.94
clknet_leaf_22_CLK,80.32
net57,80.04
net55,79.98
clknet_leaf_57_CLK,79.72
_1114_,79.4
clknet_leaf_71_CLK,79.26
_2568_,78.93
clknet_leaf_105_CLK,78.42
clknet_leaf_94_CLK,78.28
clknet_leaf_2_CLK,78.02
clknet_leaf_45_CLK,77.72
_1583_,77.7
clknet_leaf_42_CLK,77.64
_2588_,76.78
clknet_leaf_87_CLK,76.22
_2613_,76.1
clknet_leaf_31_CLK,75.58
clknet_leaf_14_CLK,74.42
_2430_,74.22
_1247_,73.94
_2683_,73.66
clknet_leaf_70_CLK,73.46
clknet_leaf_95_CLK,72.68
net43,72.38
_1616_,72.2
_2313_,71.805
_2670_,71.55
_2853_,71.3
net33,71.24
clknet_leaf_37_CLK,71.2
clknet_leaf_34_CLK,70.88
clknet_leaf_101_CLK,70.74
clknet_leaf_52_CLK,70.6
_2585_,70.45
net48,70.45
clknet_leaf_61_CLK,70.26
_1367_,70.24
_2785_,70.23
clknet_leaf_81_CLK,70.2
clknet_leaf_49_CLK,70.06
_1078_,70.04
clknet_leaf_90_CLK,69.965
clknet_leaf_100_CLK,69.96
_3268_,69.94
_2489_,69.82
net52,69.68
_2642_,69.62
_2712_,69.46
_1150_,69.26
net44,69.16
_2381_,69.035
clknet_leaf_20_CLK,68.86
net53,68.52
clknet_leaf_32_CLK,68.4
_1895_,68.34
_1892_,68.28
net14,67.94
_3447_,67.73
clknet_leaf_74_CLK,67.7
_2361_,67.64
clknet_leaf_18_CLK,67.48
_2749_,67.04
_2199_,66.91
clknet_leaf_64_CLK,66.72
_1196_,66.46
clknet_leaf_103_CLK,65.885
_1580_,65.84
clknet_leaf_47_CLK,65.64
_2778_,65.56
clknet_leaf_102_CLK,65.56
clknet_leaf_50_CLK,65.435
_2066_,65.39
_1214_,65.02
_2035_,64.92
clknet_leaf_30_CLK,64.855
clknet_leaf_51_CLK,64.28
net58,64.02
_2011_,63.9
clknet_leaf_43_CLK,63.68
clknet_leaf_86_CLK,63.64
_1490_,63.54
_1511_,63.54
_2666_,63.18
clknet_leaf_25_CLK,62.96
clknet_leaf_11_CLK,62.9
net25,62.72
_2972_,62.63
clknet_leaf_46_CLK,62.2
_2486_,62.13
clknet_leaf_98_CLK,62.12
_1437_,62.06
net41,62
clknet_leaf_17_CLK,61.98
_2330_,61.58
A2[3],61.51
_1935_,61.5
clknet_leaf_5_CLK,61.375
_1988_,61.14
net49,61.04
_2996_,60.96
_1238_,60.7
_2973_,60.59
_2334_,60.5
net77,60.47
net78,60.46
_2148_,60.44
net61,60.41
clknet_leaf_85_CLK,60.28
clknet_leaf_62_CLK,60.2
_2533_,59.78
_1555_,59.04
_1248_,58.64
net40,58.46
_1524_,58.36
_2634_,58.24
clknet_leaf_38_CLK,58.12
_2490_,58.08
net54,57.98
net60,57.72
clknet_leaf_72_CLK,57.58
A2[2],57.55
net17,57.38
_2545_,57.11
clknet_leaf_97_CLK,57.08
net24,57.02
clknet_leaf_6_CLK,56.8
net80,56.6
_2522_,56.54
_2859_,56.46
clknet_leaf_92_CLK,56.315
_2808_,56.3
_1127_,56.22
clknet_leaf_9_CLK,55.89
_2474_,55.69
_1877_,55.6
net42,55.52
clknet_leaf_39_CLK,55.52
A3[3],55.15
net19,55.08
_1457_,54.94
_2343_,54.5
_2582_,54.46
_2436_,54.41
_1406_,53.76
net21,53.76
_2166_,53.42
net71,53.34
net75,53.32
net20,53.24
_2975_,53.23
A3[2],53.05
clknet_leaf_41_CLK,52.54
_2453_,52.36
clknet_leaf_53_CLK,52.3
_2477_,51.86
_2658_,51.76
net38,51.76
_2974_,51.68
_2433_,51.615
clknet_leaf_44_CLK,51.5
WD3[2],51.49
_1652_,51.465
net46,51.44
net73,51.36
clknet_leaf_19_CLK,51.22
_2597_,51.2
_2401_,51.18
_2386_,50.99
_1540_,50.9
A3[4],50.55
net64,50.38
_2841_,50.37
_2131_,50.26
_2602_,49.56
_2320_,49.52
clknet_leaf_27_CLK,49.28
net74,49.26
_1209_,49.2
clknet_leaf_58_CLK,48.78
_2627_,48.74
_1819_,48.72
_1945_,48.5
_2756_,48.47
_2697_,48.42
net51,48.4
net62,48.32
_2549_,48.3
_2534_,48.08
net76,48.06
_2524_,47.99
RF.reg_arr\[21\]\[3\],47.88
A2[4],47.85
_1446_,47.64
_1736_,47.62
WD3[19],47.61
A1[3],47.27
net12,47.26
WD3[9],47.17
_2437_,47.12
_1744_,47.1
_2244_,47.04
_2193_,47
net37,46.82
net63,46.76
A1[2],46.71
net79,46.56
clknet_leaf_21_CLK,46.36
A1[1],46.31
_3057_,46.18
net1123,46.12
_1392_,46.02
WD3[23],45.99
_1828_,45.8
net22,45.8
_3556_,45.68
net4,45.58
_2583_,45.54
WD3[14],45.46
net11,44.94
_2094_,44.8
_2262_,44.68
WD3[3],44.67
WD3[20],44.63
_2594_,44.62
_1971_,44.58
A1[4],44.45
net23,44.28
A3[0],44.25
_2567_,44.24
_1481_,44.22
WD3[24],44.04
WD3[10],43.95
_2718_,43.765
_1550_,43.72
_1338_,43.7
_1577_,43.6
WD3[0],43.55
result[31],43.24
A3[1],43.23
WE3,43.13
_1423_,43.04
WD3[4],42.97
_2595_,42.8
result[17],42.75
WD3[27],42.66
net2,42.64
result[7],42.63
net65,42.42
opcode[0],42.41
RF.reg_arr\[20\]\[25\],42.36
WD3[7],42.32
net67,42.24
_2015_,42.2
WD3[22],42.18
_2423_,42.14
result[3],42.11
RF.reg_arr\[2\]\[19\],41.93
RF.reg_arr\[15\]\[11\],41.92
WD3[8],41.84
WD3[26],41.72
WD3[6],41.7
result[9],41.64
result[29],41.62
_2521_,41.39
opcode[1],41.27
_2680_,41.2
_2511_,41.18
result[14],41.16
result[19],41.16
result[25],41.16
_1699_,41.13
result[11],41.02
_2283_,40.96
_2600_,40.96
_1620_,40.92
result[5],40.71
result[20],40.7
result[23],40.7
net34,40.7
WD3[11],40.6
result[0],40.59
_2023_,40.52
WD3[12],40.48
WD3[28],40.47
_1606_,40.4
_2928_,40.34
_2467_,40.32
_2843_,40.3
result[24],40.26
result[27],40.26
WD3[1],40.25
result[26],40.24
result[30],40.24
result[8],40.24
_1309_,40.2
_2004_,40.2
WD3[17],40.13
WD3[31],40.13
_1301_,40.06
result[1],40.03
result[2],40.03
WD3[5],40.02
_1812_,40
_2353_,39.96
result[13],39.91
_1739_,39.83
RF.reg_arr\[20\]\[3\],39.82
result[28],39.8
result[15],39.69
_1799_,39.68
_2379_,39.6
A1[0],39.57
WD3[16],39.45
result[12],39.35
result[18],39.35
result[16],39.34
result[6],39.34
_3702_,39.255
result[4],39.23
_2124_,39.2
RF.reg_arr\[28\]\[27\],39.18
_1526_,39.16
WD3[18],39.11
_1754_,38.99
WD3[25],38.98
_2471_,38.94
_2976_,38.94
result[21],38.89
_2525_,38.86
WD3[29],38.77
_1321_,38.74
WD3[21],38.64
_2617_,38.54
_2491_,38.44
WD3[30],38.43
result[22],38.42
_2058_,38.32
_2596_,38.32
WD3[13],38.18
WD3[15],38.18
_1581_,38.12
RF.reg_arr\[15\]\[18\],37.76
_1458_,37.76
_1672_,37.7
_2665_,37.68
_3158_,37.62
RF.reg_arr\[16\]\[20\],37.58
result[10],37.5
_1763_,37.46
RF.reg_arr\[26\]\[12\],37.375
_2586_,37.08
_3267_,37.08
_2074_,37
_1734_,36.85
_1640_,36.56
RF.reg_arr\[30\]\[31\],36.545
_2738_,36.525
_2235_,36.48
_2616_,36.48
_1470_,36.32
_2661_,36.26
RF.reg_arr\[16\]\[11\],36.24
_1855_,36.22
clknet_leaf_80_CLK,36.165
_2564_,36.02
_2400_,35.94
_2463_,35.9
_2492_,35.9
_2709_,35.74
RF.reg_arr\[25\]\[26\],35.64
RF.reg_arr\[30\]\[4\],35.395
_2772_,35.32
net13,35.3
_1362_,35.18
_2196_,35.14
_1040_,34.96
_2300_,34.84
_2631_,34.78
_2435_,34.76
RF.reg_arr\[24\]\[12\],34.72
_2462_,34.7
_2669_,34.64
RF.reg_arr\[28\]\[15\],34.62
_2755_,34.62
RF.reg_arr\[31\]\[31\],34.6
RF.reg_arr\[6\]\[19\],34.305
_2784_,34.26
RF.reg_arr\[1\]\[9\],34.24
_1260_,34.14
RF.reg_arr\[11\]\[29\],34.1
_1517_,33.84
RF.reg_arr\[21\]\[20\],33.8
_2846_,33.8
_2823_,33.78
_2969_,33.76
RF.reg_arr\[27\]\[12\],33.73
RF.reg_arr\[21\]\[24\],33.68
_2857_,33.6
_2736_,33.48
RF.reg_arr\[7\]\[19\],33.34
_1217_,33.34
_1493_,33.31
_2495_,33.28
clknet_leaf_8_CLK,33.18
net72,33.12
_2885_,33
_1153_,32.94
_2632_,32.92
_2715_,32.86
RF.reg_arr\[14\]\[18\],32.81
net1,32.76
RF.reg_arr\[8\]\[18\],32.7
RF.reg_arr\[22\]\[17\],32.675
RF.reg_arr\[28\]\[12\],32.66
_2468_,32.64
_2688_,32.62
RF.reg_arr\[12\]\[31\],32.58
_1929_,32.5
_1974_,32.5
RF.reg_arr\[21\]\[7\],32.475
_2614_,32.42
_2558_,32.39
RF.reg_arr\[23\]\[17\],32.33
_2574_,32.32
_1206_,32.2
RF.reg_arr\[2\]\[12\],32.19
RF.reg_arr\[19\]\[20\],32.16
RF.reg_arr\[16\]\[4\],32.04
_2852_,31.92
_1687_,31.86
_2748_,31.78
RF.reg_arr\[15\]\[24\],31.76
RF.reg_arr\[26\]\[11\],31.745
_2618_,31.58
RF.reg_arr\[6\]\[23\],31.55
_2707_,31.54
_1790_,31.44
_1690_,31.36
RF.reg_arr\[15\]\[19\],31.3
net30,31.24
_2429_,31.14
_2507_,31.13
_1722_,31.12
_2439_,31.12
RF.reg_arr\[18\]\[11\],31.045
RF.reg_arr\[10\]\[1\],31.04
_2068_,30.84
_2503_,30.76
RF.reg_arr\[29\]\[20\],30.7
_2560_,30.66
RF.reg_arr\[22\]\[3\],30.635
_2931_,30.62
RF.reg_arr\[0\]\[26\],30.5
RF.reg_arr\[18\]\[27\],30.455
RF.reg_arr\[4\]\[8\],30.42
RF.reg_arr\[2\]\[30\],30.4
_2465_,30.36
_1287_,30.34
RF.reg_arr\[30\]\[1\],30.29
_2121_,30.28
RF.reg_arr\[24\]\[15\],30.24
_2881_,30.22
net32,30.16
RF.reg_arr\[4\]\[4\],30.12
RF.reg_arr\[12\]\[21\],30.06
RF.reg_arr\[4\]\[3\],30.04
RF.reg_arr\[22\]\[16\],29.97
_2347_,29.94
RF.reg_arr\[15\]\[27\],29.86
_1465_,29.86
RF.reg_arr\[27\]\[23\],29.84
_2951_,29.805
_2359_,29.71
_2971_,29.7
_2792_,29.68
RF.reg_arr\[25\]\[20\],29.64
RF.reg_arr\[21\]\[15\],29.62
RF.reg_arr\[8\]\[17\],29.62
_2529_,29.62
_2805_,29.6
RF.reg_arr\[22\]\[19\],29.57
net35,29.52
RF.reg_arr\[12\]\[2\],29.5
_1070_,29.48
RF.reg_arr\[28\]\[31\],29.46
RF.reg_arr\[21\]\[26\],29.38
RF.reg_arr\[1\]\[19\],29.27
RF.reg_arr\[21\]\[1\],29.22
RF.reg_arr\[21\]\[22\],29.22
_2251_,29.16
RF.reg_arr\[31\]\[29\],29.09
_2643_,29.04
RF.reg_arr\[20\]\[2\],29.02
RF.reg_arr\[30\]\[19\],29.015
_2633_,28.99
RF.reg_arr\[31\]\[22\],28.98
RF.reg_arr\[28\]\[24\],28.88
RF.reg_arr\[20\]\[7\],28.84
RF.reg_arr\[9\]\[10\],28.84
_1378_,28.84
_2879_,28.84
RF.reg_arr\[4\]\[24\],28.78
RF.reg_arr\[21\]\[21\],28.7
_2130_,28.7
RF.reg_arr\[16\]\[3\],28.66
RF.reg_arr\[29\]\[31\],28.66
RF.reg_arr\[4\]\[19\],28.66
RF.reg_arr\[0\]\[30\],28.58
RF.reg_arr\[12\]\[10\],28.58
_1829_,28.58
RF.reg_arr\[21\]\[19\],28.44
RF.reg_arr\[18\]\[20\],28.43
RF.reg_arr\[4\]\[9\],28.42
RF.reg_arr\[18\]\[16\],28.375
RF.reg_arr\[12\]\[29\],28.34
RF.reg_arr\[3\]\[5\],28.34
RF.reg_arr\[5\]\[12\],28.34
RF.reg_arr\[19\]\[2\],28.33
RF.reg_arr\[26\]\[27\],28.33
RF.reg_arr\[29\]\[30\],28.32
RF.reg_arr\[0\]\[25\],28.26
_2947_,28.26
_1404_,28.25
RF.reg_arr\[0\]\[14\],28.2
_2104_,28.2
_2813_,28.06
RF.reg_arr\[22\]\[7\],28.015
RF.reg_arr\[11\]\[27\],28
RF.reg_arr\[20\]\[16\],27.995
RF.reg_arr\[25\]\[19\],27.92
RF.reg_arr\[30\]\[3\],27.91
RF.reg_arr\[25\]\[24\],27.9
_2428_,27.72
_2274_,27.71
RF.reg_arr\[14\]\[29\],27.65
_1925_,27.64
_2002_,27.6
_2296_,27.58
RF.reg_arr\[20\]\[22\],27.56
RF.reg_arr\[29\]\[25\],27.56
_2279_,27.56
_2378_,27.56
_1060_,27.54
RF.reg_arr\[10\]\[11\],27.53
RF.reg_arr\[16\]\[7\],27.52
RF.reg_arr\[24\]\[10\],27.52
RF.reg_arr\[8\]\[25\],27.5
_1773_,27.48
_1793_,27.48
RF.reg_arr\[5\]\[26\],27.44
RF.reg_arr\[12\]\[8\],27.42
_1717_,27.41
RF.reg_arr\[24\]\[31\],27.4
RF.reg_arr\[30\]\[12\],27.36
RF.reg_arr\[31\]\[24\],27.36
RF.reg_arr\[26\]\[19\],27.25
RF.reg_arr\[20\]\[31\],27.2
RF.reg_arr\[28\]\[30\],27.2
_2442_,27.18
RF.reg_arr\[17\]\[4\],27.16
RF.reg_arr\[14\]\[10\],27.15
RF.reg_arr\[30\]\[13\],27.13
RF.reg_arr\[15\]\[16\],27.1
RF.reg_arr\[22\]\[14\],27.1
_1514_,27.1
_2243_,27.1
RF.reg_arr\[13\]\[8\],27.04
_2290_,27.02
RF.reg_arr\[16\]\[25\],26.98
_1213_,26.98
RF.reg_arr\[13\]\[31\],26.96
RF.reg_arr\[31\]\[4\],26.9
RF.reg_arr\[15\]\[17\],26.8
_2520_,26.8
RF.reg_arr\[8\]\[14\],26.78
_2432_,26.765
RF.reg_arr\[28\]\[17\],26.76
_1183_,26.74
RF.reg_arr\[31\]\[19\],26.7
RF.reg_arr\[25\]\[27\],26.695
RF.reg_arr\[2\]\[13\],26.69
RF.reg_arr\[17\]\[2\],26.68
RF.reg_arr\[11\]\[19\],26.64
_2531_,26.64
net70,26.64
RF.reg_arr\[3\]\[21\],26.54
_2034_,26.54
RF.reg_arr\[30\]\[14\],26.455
RF.reg_arr\[8\]\[30\],26.44
RF.reg_arr\[27\]\[5\],26.42
RF.reg_arr\[29\]\[5\],26.42
_1073_,26.42
RF.reg_arr\[24\]\[28\],26.4
RF.reg_arr\[16\]\[27\],26.38
RF.reg_arr\[25\]\[10\],26.38
_1444_,26.36
RF.reg_arr\[22\]\[10\],26.35
RF.reg_arr\[29\]\[2\],26.34
RF.reg_arr\[26\]\[10\],26.335
_2619_,26.32
_2746_,26.32
RF.reg_arr\[20\]\[24\],26.3
RF.reg_arr\[7\]\[10\],26.24
RF.reg_arr\[22\]\[25\],26.23
_2686_,26.22
RF.reg_arr\[20\]\[19\],26.18
RF.reg_arr\[24\]\[30\],26.16
RF.reg_arr\[18\]\[13\],26.15
RF.reg_arr\[28\]\[22\],26.14
_1841_,26.08
RF.reg_arr\[6\]\[7\],26.075
_2909_,26.06
RF.reg_arr\[30\]\[0\],26.055
RF.reg_arr\[4\]\[5\],26.04
RF.reg_arr\[6\]\[12\],26.025
RF.reg_arr\[8\]\[9\],26
RF.reg_arr\[16\]\[14\],25.98
_2624_,25.98
RF.reg_arr\[1\]\[2\],25.96
RF.reg_arr\[4\]\[29\],25.92
_1832_,25.9
RF.reg_arr\[28\]\[0\],25.86
_2646_,25.85
_2777_,25.82
RF.reg_arr\[2\]\[31\],25.75
RF.reg_arr\[12\]\[27\],25.72
RF.reg_arr\[14\]\[14\],25.695
RF.reg_arr\[15\]\[10\],25.68
RF.reg_arr\[16\]\[12\],25.68
RF.reg_arr\[28\]\[10\],25.68
RF.reg_arr\[20\]\[27\],25.66
_1570_,25.64
RF.reg_arr\[16\]\[19\],25.62
RF.reg_arr\[0\]\[10\],25.6
RF.reg_arr\[17\]\[12\],25.6
RF.reg_arr\[27\]\[28\],25.6
RF.reg_arr\[17\]\[25\],25.58
RF.reg_arr\[17\]\[3\],25.58
RF.reg_arr\[10\]\[16\],25.56
_2424_,25.54
RF.reg_arr\[30\]\[30\],25.525
RF.reg_arr\[0\]\[17\],25.52
RF.reg_arr\[12\]\[30\],25.52
RF.reg_arr\[27\]\[20\],25.51
_2581_,25.48
RF.reg_arr\[19\]\[16\],25.44
_2720_,25.44
_1726_,25.42
_2040_,25.42
_2562_,25.42
RF.reg_arr\[31\]\[5\],25.4
RF.reg_arr\[17\]\[20\],25.375
RF.reg_arr\[8\]\[11\],25.36
_1653_,25.36
_2337_,25.36
RF.reg_arr\[10\]\[14\],25.355
RF.reg_arr\[14\]\[28\],25.35
RF.reg_arr\[18\]\[1\],25.345
_2073_,25.3
_3328_,25.3
RF.reg_arr\[29\]\[1\],25.26
RF.reg_arr\[6\]\[4\],25.235
_2407_,25.215
RF.reg_arr\[7\]\[4\],25.18
_1100_,25.14
_2096_,25.14
_2115_,25.14
_1823_,25.12
_1889_,25.1
RF.reg_arr\[18\]\[23\],25.075
RF.reg_arr\[8\]\[7\],25.06
RF.reg_arr\[4\]\[18\],25.05
_2685_,25.04
RF.reg_arr\[0\]\[20\],25.02
RF.reg_arr\[3\]\[28\],25.02
RF.reg_arr\[22\]\[28\],25.01
RF.reg_arr\[25\]\[18\],24.98
RF.reg_arr\[16\]\[31\],24.94
RF.reg_arr\[20\]\[1\],24.94
net366,24.9
_2601_,24.89
RF.reg_arr\[17\]\[10\],24.88
RF.reg_arr\[25\]\[5\],24.88
_1875_,24.88
RF.reg_arr\[26\]\[28\],24.865
RF.reg_arr\[12\]\[14\],24.86
RF.reg_arr\[4\]\[20\],24.84
_2231_,24.84
_1112_,24.8
RF.reg_arr\[13\]\[24\],24.76
RF.reg_arr\[24\]\[14\],24.76
RF.reg_arr\[17\]\[23\],24.72
RF.reg_arr\[4\]\[25\],24.72
_2780_,24.72
_2902_,24.72
RF.reg_arr\[12\]\[5\],24.7
_1998_,24.7
RF.reg_arr\[28\]\[9\],24.68
RF.reg_arr\[5\]\[6\],24.68
RF.reg_arr\[16\]\[5\],24.66
RF.reg_arr\[5\]\[8\],24.66
_1654_,24.66
RF.reg_arr\[3\]\[22\],24.64
RF.reg_arr\[5\]\[19\],24.64
RF.reg_arr\[14\]\[11\],24.635
RF.reg_arr\[9\]\[9\],24.62
RF.reg_arr\[13\]\[22\],24.6
RF.reg_arr\[3\]\[26\],24.58
RF.reg_arr\[18\]\[18\],24.575
RF.reg_arr\[27\]\[8\],24.53
_1710_,24.52
net69,24.5
RF.reg_arr\[22\]\[6\],24.49
RF.reg_arr\[11\]\[2\],24.48
_2005_,24.46
RF.reg_arr\[10\]\[17\],24.455
RF.reg_arr\[31\]\[27\],24.43
RF.reg_arr\[22\]\[11\],24.405
RF.reg_arr\[26\]\[16\],24.395
RF.reg_arr\[17\]\[9\],24.34
RF.reg_arr\[13\]\[26\],24.32
RF.reg_arr\[31\]\[16\],24.32
RF.reg_arr\[4\]\[28\],24.32
RF.reg_arr\[13\]\[1\],24.3
_1934_,24.3
_2441_,24.3
RF.reg_arr\[16\]\[9\],24.26
RF.reg_arr\[6\]\[17\],24.23
_2245_,24.22
RF.reg_arr\[10\]\[18\],24.205
RF.reg_arr\[15\]\[2\],24.2
RF.reg_arr\[20\]\[20\],24.2
_2265_,24.2
RF.reg_arr\[10\]\[23\],24.195
RF.reg_arr\[22\]\[8\],24.195
_1408_,24.18
RF.reg_arr\[6\]\[11\],24.17
_2831_,24.16
RF.reg_arr\[0\]\[12\],24.15
RF.reg_arr\[23\]\[29\],24.14
_1010_,24.12
RF.reg_arr\[29\]\[14\],24.1
_2821_,24.1
RF.reg_arr\[12\]\[12\],24.08
RF.reg_arr\[26\]\[13\],24.055
_1279_,24.05
RF.reg_arr\[17\]\[19\],24.04
RF.reg_arr\[8\]\[6\],24.04
RF.reg_arr\[2\]\[2\],24.03
RF.reg_arr\[12\]\[22\],23.98
RF.reg_arr\[1\]\[21\],23.98
_1927_,23.98
RF.reg_arr\[14\]\[6\],23.975
_1469_,23.96
RF.reg_arr\[16\]\[22\],23.94
RF.reg_arr\[17\]\[31\],23.92
RF.reg_arr\[10\]\[26\],23.91
_2527_,23.9
RF.reg_arr\[5\]\[24\],23.89
RF.reg_arr\[0\]\[8\],23.88
RF.reg_arr\[22\]\[27\],23.875
RF.reg_arr\[8\]\[5\],23.86
RF.reg_arr\[7\]\[31\],23.84
RF.reg_arr\[15\]\[29\],23.8
RF.reg_arr\[13\]\[5\],23.78
RF.reg_arr\[14\]\[0\],23.76
RF.reg_arr\[25\]\[14\],23.76
RF.reg_arr\[11\]\[10\],23.74
RF.reg_arr\[25\]\[16\],23.74
RF.reg_arr\[0\]\[1\],23.72
RF.reg_arr\[29\]\[21\],23.72
RF.reg_arr\[20\]\[26\],23.7
_2110_,23.7
_2375_,23.7
_2183_,23.68
RF.reg_arr\[15\]\[4\],23.66
RF.reg_arr\[19\]\[1\],23.66
_1995_,23.66
RF.reg_arr\[30\]\[15\],23.655
_0664_,23.605
RF.reg_arr\[12\]\[23\],23.6
RF.reg_arr\[13\]\[14\],23.6
RF.reg_arr\[9\]\[1\],23.6
RF.reg_arr\[12\]\[15\],23.55
RF.reg_arr\[26\]\[29\],23.55
_2687_,23.54
RF.reg_arr\[2\]\[10\],23.53
_2293_,23.52
RF.reg_arr\[19\]\[31\],23.46
RF.reg_arr\[8\]\[21\],23.46
RF.reg_arr\[2\]\[0\],23.45
_2693_,23.435
RF.reg_arr\[4\]\[12\],23.42
RF.reg_arr\[30\]\[25\],23.41
RF.reg_arr\[8\]\[0\],23.4
_2250_,23.4
RF.reg_arr\[17\]\[6\],23.38
RF.reg_arr\[4\]\[17\],23.38
RF.reg_arr\[24\]\[21\],23.36
RF.reg_arr\[17\]\[1\],23.3
RF.reg_arr\[24\]\[6\],23.3
RF.reg_arr\[9\]\[5\],23.3
RF.reg_arr\[30\]\[22\],23.295
RF.reg_arr\[24\]\[29\],23.28
RF.reg_arr\[28\]\[25\],23.26
RF.reg_arr\[29\]\[8\],23.26
RF.reg_arr\[27\]\[29\],23.24
RF.reg_arr\[10\]\[19\],23.23
RF.reg_arr\[24\]\[3\],23.22
RF.reg_arr\[27\]\[22\],23.22
RF.reg_arr\[27\]\[25\],23.22
RF.reg_arr\[16\]\[16\],23.2
RF.reg_arr\[16\]\[29\],23.18
RF.reg_arr\[4\]\[6\],23.18
RF.reg_arr\[6\]\[28\],23.18
RF.reg_arr\[7\]\[29\],23.17
RF.reg_arr\[21\]\[23\],23.16
RF.reg_arr\[9\]\[6\],23.14
RF.reg_arr\[28\]\[1\],23.12
RF.reg_arr\[8\]\[31\],23.1
_1350_,23.08
RF.reg_arr\[27\]\[24\],22.96
_1869_,22.96
_2509_,22.96
_2101_,22.92
_2155_,22.92
RF.reg_arr\[20\]\[14\],22.88
RF.reg_arr\[21\]\[31\],22.88
_1297_,22.88
_1661_,22.88
RF.reg_arr\[2\]\[15\],22.87
RF.reg_arr\[20\]\[10\],22.82
RF.reg_arr\[29\]\[27\],22.82
_1268_,22.82
RF.reg_arr\[20\]\[21\],22.8
RF.reg_arr\[9\]\[7\],22.8
RF.reg_arr\[21\]\[12\],22.78
RF.reg_arr\[23\]\[23\],22.76
_2084_,22.76
RF.reg_arr\[6\]\[18\],22.755
RF.reg_arr\[22\]\[30\],22.72
_2289_,22.7
RF.reg_arr\[23\]\[13\],22.68
RF.reg_arr\[14\]\[15\],22.65
RF.reg_arr\[19\]\[6\],22.64
RF.reg_arr\[30\]\[7\],22.625
RF.reg_arr\[14\]\[25\],22.59
RF.reg_arr\[23\]\[26\],22.59
RF.reg_arr\[24\]\[7\],22.58
_1920_,22.575
RF.reg_arr\[16\]\[18\],22.56
_1743_,22.56
RF.reg_arr\[26\]\[7\],22.54
RF.reg_arr\[20\]\[5\],22.52
RF.reg_arr\[23\]\[19\],22.52
RF.reg_arr\[6\]\[8\],22.515
RF.reg_arr\[22\]\[18\],22.47
RF.reg_arr\[31\]\[14\],22.46
RF.reg_arr\[15\]\[21\],22.44
_3305_,22.44
RF.reg_arr\[15\]\[25\],22.42
RF.reg_arr\[19\]\[14\],22.42
_1748_,22.42
RF.reg_arr\[17\]\[15\],22.38
_1240_,22.36
RF.reg_arr\[12\]\[28\],22.34
RF.reg_arr\[4\]\[10\],22.34
RF.reg_arr\[3\]\[30\],22.32
_2219_,22.32
RF.reg_arr\[10\]\[9\],22.31
RF.reg_arr\[26\]\[31\],22.28
_1782_,22.28
_1940_,22.28
RF.reg_arr\[2\]\[24\],22.27
_2327_,22.26
RF.reg_arr\[12\]\[7\],22.24
RF.reg_arr\[20\]\[6\],22.22
RF.reg_arr\[27\]\[19\],22.22
_2844_,22.22
RF.reg_arr\[25\]\[21\],22.2
_2510_,22.2
_3342_,22.2
RF.reg_arr\[21\]\[14\],22.18
RF.reg_arr\[23\]\[25\],22.18
RF.reg_arr\[29\]\[7\],22.18
RF.reg_arr\[9\]\[8\],22.18
RF.reg_arr\[11\]\[12\],22.16
RF.reg_arr\[12\]\[19\],22.16
_2440_,22.16
RF.reg_arr\[2\]\[23\],22.15
_1178_,22.12
RF.reg_arr\[2\]\[3\],22.11
RF.reg_arr\[12\]\[25\],22.08
RF.reg_arr\[31\]\[30\],22.08
_2254_,22.08
_1193_,22.06
RF.reg_arr\[8\]\[24\],22.04
_2237_,22.04
_2833_,22.04
RF.reg_arr\[31\]\[11\],22.02
RF.reg_arr\[25\]\[11\],22
RF.reg_arr\[29\]\[17\],22
RF.reg_arr\[11\]\[13\],21.96
RF.reg_arr\[12\]\[3\],21.96
RF.reg_arr\[8\]\[12\],21.96
_1512_,21.94
RF.reg_arr\[18\]\[29\],21.93
RF.reg_arr\[5\]\[16\],21.92
RF.reg_arr\[8\]\[8\],21.92
_1930_,21.92
_2679_,21.92
_2369_,21.9
RF.reg_arr\[21\]\[25\],21.86
RF.reg_arr\[4\]\[21\],21.86
net66,21.86
RF.reg_arr\[14\]\[17\],21.845
_2677_,21.82
_2438_,21.8
RF.reg_arr\[17\]\[11\],21.78
RF.reg_arr\[3\]\[29\],21.78
_1388_,21.78
RF.reg_arr\[0\]\[11\],21.76
RF.reg_arr\[19\]\[0\],21.76
RF.reg_arr\[1\]\[0\],21.74
RF.reg_arr\[26\]\[18\],21.73
RF.reg_arr\[2\]\[1\],21.73
RF.reg_arr\[12\]\[13\],21.72
clknet_leaf_54_CLK,21.72
_2890_,21.7
RF.reg_arr\[27\]\[27\],21.68
RF.reg_arr\[28\]\[23\],21.68
RF.reg_arr\[5\]\[27\],21.68
RF.reg_arr\[3\]\[18\],21.66
_2323_,21.64
RF.reg_arr\[10\]\[22\],21.635
RF.reg_arr\[31\]\[18\],21.6
RF.reg_arr\[10\]\[10\],21.59
RF.reg_arr\[15\]\[20\],21.58
RF.reg_arr\[31\]\[9\],21.58
_2331_,21.58
RF.reg_arr\[0\]\[2\],21.54
RF.reg_arr\[9\]\[4\],21.54
_1280_,21.54
RF.reg_arr\[16\]\[6\],21.52
RF.reg_arr\[24\]\[11\],21.52
RF.reg_arr\[7\]\[30\],21.52
RF.reg_arr\[15\]\[26\],21.5
RF.reg_arr\[23\]\[9\],21.5
RF.reg_arr\[30\]\[5\],21.49
_2487_,21.48
RF.reg_arr\[17\]\[5\],21.44
RF.reg_arr\[17\]\[7\],21.44
RF.reg_arr\[5\]\[23\],21.42
RF.reg_arr\[5\]\[28\],21.42
RF.reg_arr\[8\]\[15\],21.42
RF.reg_arr\[1\]\[7\],21.4
RF.reg_arr\[23\]\[22\],21.4
RF.reg_arr\[5\]\[5\],21.38
RF.reg_arr\[10\]\[28\],21.375
_0818_,21.365
RF.reg_arr\[20\]\[30\],21.36
_1190_,21.36
_1363_,21.36
RF.reg_arr\[8\]\[28\],21.34
_2368_,21.34
RF.reg_arr\[8\]\[27\],21.32
RF.reg_arr\[16\]\[0\],21.3
RF.reg_arr\[4\]\[0\],21.28
RF.reg_arr\[25\]\[25\],21.26
_1056_,21.23
_2362_,21.22
RF.reg_arr\[26\]\[15\],21.2
RF.reg_arr\[26\]\[6\],21.155
RF.reg_arr\[28\]\[28\],21.12
RF.reg_arr\[4\]\[16\],21.12
RF.reg_arr\[5\]\[21\],21.12
RF.reg_arr\[5\]\[3\],21.12
RF.reg_arr\[9\]\[29\],21.12
_1036_,21.12
_2605_,21.12
_2926_,21.12
RF.reg_arr\[20\]\[11\],21.1
RF.reg_arr\[15\]\[5\],21.06
RF.reg_arr\[12\]\[26\],21.04
RF.reg_arr\[27\]\[31\],21.04
RF.reg_arr\[0\]\[4\],21.02
_1784_,21.02
RF.reg_arr\[5\]\[31\],21
RF.reg_arr\[30\]\[20\],20.99
net1035,20.98
RF.reg_arr\[11\]\[18\],20.96
RF.reg_arr\[19\]\[19\],20.96
RF.reg_arr\[2\]\[5\],20.955
RF.reg_arr\[10\]\[15\],20.92
RF.reg_arr\[13\]\[29\],20.92
RF.reg_arr\[19\]\[29\],20.92
RF.reg_arr\[20\]\[15\],20.92
RF.reg_arr\[1\]\[12\],20.9
RF.reg_arr\[8\]\[10\],20.9
RF.reg_arr\[9\]\[21\],20.9
RF.reg_arr\[18\]\[14\],20.87
RF.reg_arr\[26\]\[1\],20.87
_1436_,20.84
RF.reg_arr\[10\]\[20\],20.835
RF.reg_arr\[16\]\[10\],20.82
_2169_,20.82
RF.reg_arr\[18\]\[0\],20.81
_2726_,20.8
_1405_,20.78
RF.reg_arr\[28\]\[3\],20.76
RF.reg_arr\[4\]\[30\],20.74
RF.reg_arr\[26\]\[2\],20.735
RF.reg_arr\[6\]\[20\],20.735
_0381_,20.705
RF.reg_arr\[13\]\[12\],20.7
RF.reg_arr\[17\]\[26\],20.7
_2762_,20.69
_1742_,20.685
RF.reg_arr\[7\]\[5\],20.68
RF.reg_arr\[22\]\[5\],20.665
RF.reg_arr\[13\]\[6\],20.66
RF.reg_arr\[1\]\[29\],20.66
RF.reg_arr\[20\]\[12\],20.66
RF.reg_arr\[0\]\[13\],20.62
RF.reg_arr\[4\]\[2\],20.6
_2884_,20.6
RF.reg_arr\[18\]\[10\],20.595
_2190_,20.58
RF.reg_arr\[22\]\[9\],20.57
RF.reg_arr\[27\]\[26\],20.56
_1806_,20.56
RF.reg_arr\[20\]\[0\],20.54
_1396_,20.54
RF.reg_arr\[6\]\[21\],20.51
RF.reg_arr\[30\]\[23\],20.505
_1453_,20.5
_2700_,20.5
RF.reg_arr\[18\]\[5\],20.475
RF.reg_arr\[23\]\[20\],20.46
RF.reg_arr\[4\]\[31\],20.46
_2717_,20.46
RF.reg_arr\[5\]\[4\],20.44
net68,20.44
RF.reg_arr\[24\]\[25\],20.42
_2036_,20.42
RF.reg_arr\[14\]\[3\],20.41
RF.reg_arr\[18\]\[19\],20.39
RF.reg_arr\[29\]\[15\],20.38
_1775_,20.38
_2878_,20.36
RF.reg_arr\[5\]\[9\],20.34
RF.reg_arr\[9\]\[27\],20.34
_1762_,20.34
_2315_,20.32
RF.reg_arr\[14\]\[31\],20.31
RF.reg_arr\[11\]\[11\],20.28
RF.reg_arr\[25\]\[7\],20.28
_2382_,20.28
_2751_,20.28
RF.reg_arr\[14\]\[2\],20.255
RF.reg_arr\[5\]\[0\],20.24
_1140_,20.24
_2258_,20.24
_1843_,20.22
_1180_,20.21
RF.reg_arr\[29\]\[12\],20.18
_1054_,20.18
RF.reg_arr\[23\]\[31\],20.17
RF.reg_arr\[19\]\[30\],20.16
RF.reg_arr\[23\]\[3\],20.16
RF.reg_arr\[26\]\[30\],20.16
_2637_,20.16
RF.reg_arr\[26\]\[24\],20.155
net1124,20.14
_2373_,20.12
RF.reg_arr\[2\]\[22\],20.11
RF.reg_arr\[5\]\[14\],20.08
RF.reg_arr\[12\]\[6\],20.04
RF.reg_arr\[24\]\[5\],20
RF.reg_arr\[26\]\[14\],19.99
_0402_,19.985
_1706_,19.98
RF.reg_arr\[6\]\[1\],19.975
_2255_,19.97
RF.reg_arr\[7\]\[18\],19.94
_1261_,19.94
RF.reg_arr\[0\]\[24\],19.92
_2557_,19.92
RF.reg_arr\[6\]\[31\],19.9
RF.reg_arr\[9\]\[0\],19.9
RF.reg_arr\[13\]\[21\],19.86
RF.reg_arr\[19\]\[13\],19.86
_1155_,19.86
_1897_,19.86
_2865_,19.86
RF.reg_arr\[22\]\[13\],19.85
_1194_,19.84
RF.reg_arr\[15\]\[23\],19.82
_1312_,19.8
RF.reg_arr\[1\]\[4\],19.78
RF.reg_arr\[3\]\[7\],19.78
_2312_,19.78
RF.reg_arr\[23\]\[12\],19.76
_1931_,19.76
_2802_,19.76
RF.reg_arr\[13\]\[3\],19.74
RF.reg_arr\[5\]\[20\],19.74
RF.reg_arr\[30\]\[9\],19.73
RF.reg_arr\[1\]\[1\],19.7
RF.reg_arr\[24\]\[1\],19.7
RF.reg_arr\[8\]\[16\],19.7
RF.reg_arr\[19\]\[11\],19.68
RF.reg_arr\[27\]\[18\],19.68
RF.reg_arr\[24\]\[23\],19.66
_2754_,19.66
_2528_,19.64
RF.reg_arr\[10\]\[5\],19.635
_2845_,19.62
RF.reg_arr\[8\]\[3\],19.6
_2672_,19.6
RF.reg_arr\[30\]\[29\],19.59
RF.reg_arr\[0\]\[22\],19.58
RF.reg_arr\[23\]\[5\],19.58
RF.reg_arr\[3\]\[13\],19.58
RF.reg_arr\[2\]\[11\],19.575
RF.reg_arr\[16\]\[26\],19.54
RF.reg_arr\[20\]\[23\],19.54
RF.reg_arr\[25\]\[23\],19.54
RF.reg_arr\[3\]\[31\],19.54
_2224_,19.54
RF.reg_arr\[1\]\[17\],19.52
RF.reg_arr\[10\]\[3\],19.49
RF.reg_arr\[23\]\[21\],19.48
RF.reg_arr\[31\]\[7\],19.48
_1705_,19.48
_2793_,19.48
RF.reg_arr\[16\]\[2\],19.44
RF.reg_arr\[7\]\[0\],19.44
RF.reg_arr\[24\]\[22\],19.42
RF.reg_arr\[17\]\[17\],19.4
RF.reg_arr\[8\]\[4\],19.4
_1299_,19.4
_1651_,19.4
_1902_,19.4
net515,19.4
RF.reg_arr\[12\]\[17\],19.36
RF.reg_arr\[11\]\[25\],19.32
RF.reg_arr\[5\]\[29\],19.32
RF.reg_arr\[17\]\[0\],19.28
RF.reg_arr\[25\]\[9\],19.28
RF.reg_arr\[5\]\[22\],19.28
_1385_,19.26
_2319_,19.26
RF.reg_arr\[14\]\[19\],19.255
RF.reg_arr\[22\]\[12\],19.255
RF.reg_arr\[26\]\[26\],19.25
RF.reg_arr\[31\]\[10\],19.24
RF.reg_arr\[5\]\[15\],19.24
_2606_,19.24
RF.reg_arr\[18\]\[2\],19.235
RF.reg_arr\[7\]\[7\],19.23
RF.reg_arr\[29\]\[0\],19.2
_1245_,19.2
_3133_,19.2
RF.reg_arr\[4\]\[7\],19.18
_2480_,19.18
RF.reg_arr\[6\]\[22\],19.175
RF.reg_arr\[28\]\[19\],19.16
_1368_,19.14
RF.reg_arr\[25\]\[3\],19.12
RF.reg_arr\[28\]\[20\],19.1
RF.reg_arr\[7\]\[25\],19.1
_1697_,19.07
RF.reg_arr\[9\]\[17\],19.06
_2629_,19.06
net419,19.06
RF.reg_arr\[14\]\[16\],19.04
RF.reg_arr\[18\]\[3\],19.04
RF.reg_arr\[18\]\[22\],19.03
RF.reg_arr\[24\]\[0\],19.02
RF.reg_arr\[17\]\[21\],19
RF.reg_arr\[7\]\[17\],19
_2107_,19
_2647_,19
RF.reg_arr\[0\]\[16\],18.98
RF.reg_arr\[12\]\[24\],18.98
_2892_,18.975
RF.reg_arr\[1\]\[11\],18.96
RF.reg_arr\[28\]\[14\],18.96
RF.reg_arr\[3\]\[4\],18.96
_2052_,18.96
RF.reg_arr\[18\]\[30\],18.9
RF.reg_arr\[1\]\[5\],18.86
_1081_,18.85
_1531_,18.84
RF.reg_arr\[24\]\[24\],18.82
_2484_,18.82
RF.reg_arr\[25\]\[12\],18.8
RF.reg_arr\[19\]\[10\],18.78
RF.reg_arr\[21\]\[8\],18.78
RF.reg_arr\[23\]\[28\],18.78
RF.reg_arr\[5\]\[11\],18.78
_2747_,18.74
_2090_,18.72
net313,18.72
RF.reg_arr\[10\]\[4\],18.715
_2182_,18.7
RF.reg_arr\[19\]\[12\],18.68
RF.reg_arr\[21\]\[0\],18.64
RF.reg_arr\[29\]\[3\],18.64
RF.reg_arr\[22\]\[26\],18.635
RF.reg_arr\[10\]\[29\],18.61
_0183_,18.605
RF.reg_arr\[11\]\[4\],18.6
RF.reg_arr\[17\]\[30\],18.6
_2504_,18.6
_1960_,18.58
_1341_,18.575
RF.reg_arr\[16\]\[21\],18.56
_2404_,18.56
RF.reg_arr\[26\]\[17\],18.535
_1184_,18.52
_2133_,18.5
_2673_,18.48
RF.reg_arr\[28\]\[7\],18.47
RF.reg_arr\[20\]\[29\],18.46
RF.reg_arr\[24\]\[8\],18.44
_1394_,18.44
RF.reg_arr\[6\]\[27\],18.435
RF.reg_arr\[2\]\[25\],18.41
RF.reg_arr\[13\]\[15\],18.4
RF.reg_arr\[28\]\[5\],18.4
_2341_,18.4
RF.reg_arr\[13\]\[27\],18.36
RF.reg_arr\[1\]\[10\],18.36
_1719_,18.36
_2727_,18.36
RF.reg_arr\[2\]\[17\],18.35
_2740_,18.34
RF.reg_arr\[21\]\[29\],18.33
RF.reg_arr\[19\]\[23\],18.32
RF.reg_arr\[31\]\[21\],18.32
RF.reg_arr\[3\]\[2\],18.32
_1965_,18.32
RF.reg_arr\[2\]\[28\],18.31
_2950_,18.3
RF.reg_arr\[7\]\[1\],18.28
_2147_,18.26
RF.reg_arr\[26\]\[23\],18.25
RF.reg_arr\[1\]\[15\],18.24
RF.reg_arr\[6\]\[2\],18.235
RF.reg_arr\[10\]\[12\],18.23
RF.reg_arr\[6\]\[0\],18.23
_1665_,18.21
RF.reg_arr\[13\]\[28\],18.2
RF.reg_arr\[19\]\[3\],18.2
_2776_,18.2
_1419_,18.14
_2342_,18.14
RF.reg_arr\[27\]\[17\],18.12
_2662_,18.12
RF.reg_arr\[6\]\[5\],18.115
RF.reg_arr\[0\]\[18\],18.06
_1337_,18.06
_2730_,18.06
_1410_,18.04
RF.reg_arr\[0\]\[5\],18.02
RF.reg_arr\[25\]\[0\],18.02
_2735_,18.02
RF.reg_arr\[9\]\[2\],18
_1353_,17.98
RF.reg_arr\[25\]\[22\],17.96
_2008_,17.94
RF.reg_arr\[16\]\[23\],17.92
RF.reg_arr\[4\]\[15\],17.92
_2706_,17.92
RF.reg_arr\[28\]\[11\],17.9
_1463_,17.9
RF.reg_arr\[20\]\[28\],17.88
RF.reg_arr\[23\]\[6\],17.86
RF.reg_arr\[27\]\[14\],17.86
RF.reg_arr\[9\]\[11\],17.86
RF.reg_arr\[15\]\[15\],17.84
RF.reg_arr\[31\]\[26\],17.83
RF.reg_arr\[24\]\[26\],17.82
_1030_,17.8
RF.reg_arr\[2\]\[9\],17.79
RF.reg_arr\[14\]\[7\],17.785
RF.reg_arr\[11\]\[9\],17.78
RF.reg_arr\[13\]\[4\],17.78
RF.reg_arr\[7\]\[8\],17.78
RF.reg_arr\[3\]\[6\],17.74
RF.reg_arr\[28\]\[29\],17.72
_1098_,17.72
_1472_,17.72
RF.reg_arr\[17\]\[22\],17.7
RF.reg_arr\[12\]\[11\],17.68
_1162_,17.68
RF.reg_arr\[28\]\[6\],17.64
RF.reg_arr\[3\]\[3\],17.62
_2389_,17.6
RF.reg_arr\[27\]\[7\],17.57
_2452_,17.54
RF.reg_arr\[7\]\[14\],17.52
_1575_,17.52
_0797_,17.505
RF.reg_arr\[21\]\[9\],17.5
RF.reg_arr\[1\]\[8\],17.48
RF.reg_arr\[9\]\[14\],17.48
RF.reg_arr\[9\]\[15\],17.48
_1219_,17.48
_1455_,17.48
RF.reg_arr\[23\]\[2\],17.46
_2470_,17.46
RF.reg_arr\[13\]\[7\],17.44
RF.reg_arr\[20\]\[4\],17.44
RF.reg_arr\[5\]\[1\],17.42
_2782_,17.42
RF.reg_arr\[14\]\[22\],17.415
RF.reg_arr\[19\]\[26\],17.4
RF.reg_arr\[1\]\[16\],17.4
_2907_,17.4
RF.reg_arr\[0\]\[21\],17.38
RF.reg_arr\[17\]\[29\],17.37
RF.reg_arr\[28\]\[21\],17.36
RF.reg_arr\[4\]\[23\],17.36
_2275_,17.36
RF.reg_arr\[11\]\[5\],17.34
RF.reg_arr\[14\]\[13\],17.34
RF.reg_arr\[15\]\[14\],17.32
RF.reg_arr\[23\]\[24\],17.32
_1384_,17.3
RF.reg_arr\[10\]\[27\],17.285
RF.reg_arr\[11\]\[15\],17.28
RF.reg_arr\[1\]\[14\],17.28
RF.reg_arr\[23\]\[7\],17.28
RF.reg_arr\[27\]\[11\],17.25
_2414_,17.22
RF.reg_arr\[6\]\[14\],17.21
RF.reg_arr\[29\]\[24\],17.2
RF.reg_arr\[9\]\[24\],17.18
_1202_,17.18
_2031_,17.18
_2625_,17.18
RF.reg_arr\[21\]\[6\],17.14
RF.reg_arr\[24\]\[20\],17.14
RF.reg_arr\[10\]\[13\],17.135
RF.reg_arr\[6\]\[15\],17.105
RF.reg_arr\[20\]\[18\],17.1
_2118_,17.1
_1655_,17.06
_2578_,17.06
RF.reg_arr\[18\]\[7\],17.03
RF.reg_arr\[16\]\[30\],17.02
RF.reg_arr\[29\]\[26\],17.02
_1447_,17.02
_2154_,17.02
RF.reg_arr\[0\]\[0\],16.98
RF.reg_arr\[9\]\[30\],16.98
RF.reg_arr\[18\]\[12\],16.97
RF.reg_arr\[3\]\[19\],16.97
RF.reg_arr\[0\]\[31\],16.94
RF.reg_arr\[19\]\[24\],16.94
RF.reg_arr\[1\]\[27\],16.94
RF.reg_arr\[23\]\[1\],16.94
RF.reg_arr\[25\]\[13\],16.94
RF.reg_arr\[9\]\[3\],16.94
net119,16.94
_1485_,16.92
_1561_,16.92
net894,16.92
RF.reg_arr\[14\]\[4\],16.915
RF.reg_arr\[11\]\[16\],16.9
RF.reg_arr\[11\]\[1\],16.9
RF.reg_arr\[1\]\[30\],16.9
_2575_,16.9
_2832_,16.9
RF.reg_arr\[25\]\[4\],16.88
_2626_,16.88
RF.reg_arr\[18\]\[8\],16.875
RF.reg_arr\[25\]\[28\],16.86
_2045_,16.86
RF.reg_arr\[10\]\[2\],16.85
_2621_,16.84
RF.reg_arr\[10\]\[7\],16.825
_1983_,16.8
RF.reg_arr\[18\]\[21\],16.765
RF.reg_arr\[7\]\[2\],16.76
_1491_,16.76
_4011_,16.76
_4150_,16.72
RF.reg_arr\[0\]\[23\],16.68
_2758_,16.68
RF.reg_arr\[24\]\[9\],16.66
RF.reg_arr\[25\]\[15\],16.64
_2872_,16.64
RF.reg_arr\[26\]\[21\],16.625
RF.reg_arr\[10\]\[31\],16.57
RF.reg_arr\[21\]\[13\],16.56
_2417_,16.56
RF.reg_arr\[10\]\[6\],16.555
_1233_,16.54
_1430_,16.54
RF.reg_arr\[16\]\[15\],16.52
RF.reg_arr\[19\]\[25\],16.52
RF.reg_arr\[21\]\[16\],16.52
RF.reg_arr\[23\]\[16\],16.52
RF.reg_arr\[3\]\[8\],16.52
_2664_,16.52
_2840_,16.52
net757,16.5
RF.reg_arr\[9\]\[16\],16.495
RF.reg_arr\[27\]\[4\],16.48
_1713_,16.48
_1459_,16.46
_2877_,16.46
RF.reg_arr\[10\]\[8\],16.455
RF.reg_arr\[15\]\[3\],16.44
RF.reg_arr\[4\]\[22\],16.44
_1237_,16.44
_2512_,16.44
_0978_,16.425
RF.reg_arr\[15\]\[8\],16.4
RF.reg_arr\[19\]\[18\],16.4
_2936_,16.4
_2957_,16.4
RF.reg_arr\[6\]\[13\],16.39
RF.reg_arr\[25\]\[8\],16.38
net473,16.38
RF.reg_arr\[22\]\[2\],16.36
RF.reg_arr\[7\]\[26\],16.36
RF.reg_arr\[8\]\[19\],16.36
RF.reg_arr\[6\]\[6\],16.35
RF.reg_arr\[1\]\[22\],16.34
RF.reg_arr\[1\]\[6\],16.32
RF.reg_arr\[29\]\[23\],16.3
_2209_,16.3
_3054_,16.3
RF.reg_arr\[25\]\[30\],16.28
RF.reg_arr\[27\]\[30\],16.28
RF.reg_arr\[28\]\[2\],16.26
_1970_,16.26
RF.reg_arr\[22\]\[4\],16.25
RF.reg_arr\[19\]\[27\],16.24
_2916_,16.24
_1968_,16.22
RF.reg_arr\[26\]\[5\],16.19
RF.reg_arr\[21\]\[27\],16.14
RF.reg_arr\[28\]\[13\],16.14
RF.reg_arr\[4\]\[1\],16.14
_2064_,16.14
_2732_,16.14
RF.reg_arr\[22\]\[15\],16.135
RF.reg_arr\[18\]\[9\],16.115
RF.reg_arr\[31\]\[8\],16.11
RF.reg_arr\[1\]\[3\],16.1
RF.reg_arr\[23\]\[30\],16.1
RF.reg_arr\[28\]\[18\],16.1
RF.reg_arr\[31\]\[28\],16.1
RF.reg_arr\[3\]\[17\],16.1
_1551_,16.1
_2556_,16.1
_3703_,16.1
_3725_,16.1
RF.reg_arr\[12\]\[9\],16.06
RF.reg_arr\[8\]\[23\],16.06
_2060_,16.06
RF.reg_arr\[12\]\[1\],16.04
RF.reg_arr\[2\]\[29\],16.04
_0875_,16.035
RF.reg_arr\[11\]\[6\],16.02
RF.reg_arr\[12\]\[20\],16.02
RF.reg_arr\[29\]\[22\],16
RF.reg_arr\[2\]\[6\],15.995
RF.reg_arr\[22\]\[1\],15.98
_2541_,15.98
RF.reg_arr\[21\]\[4\],15.96
_1693_,15.96
RF.reg_arr\[10\]\[0\],15.955
RF.reg_arr\[30\]\[16\],15.95
RF.reg_arr\[11\]\[0\],15.94
RF.reg_arr\[28\]\[26\],15.94
RF.reg_arr\[7\]\[12\],15.94
RF.reg_arr\[18\]\[6\],15.93
_2773_,15.93
RF.reg_arr\[31\]\[13\],15.92
RF.reg_arr\[4\]\[27\],15.92
_1568_,15.92
_4204_,15.92
RF.reg_arr\[2\]\[8\],15.915
RF.reg_arr\[11\]\[28\],15.9
RF.reg_arr\[12\]\[4\],15.9
RF.reg_arr\[5\]\[17\],15.88
_1386_,15.88
RF.reg_arr\[18\]\[4\],15.875
_1963_,15.86
_2899_,15.86
RF.reg_arr\[9\]\[26\],15.84
_1440_,15.84
_2411_,15.84
_3130_,15.84
net577,15.84
RF.reg_arr\[2\]\[21\],15.83
RF.reg_arr\[6\]\[25\],15.83
RF.reg_arr\[19\]\[4\],15.82
_3972_,15.82
RF.reg_arr\[6\]\[10\],15.81
RF.reg_arr\[27\]\[16\],15.8
RF.reg_arr\[15\]\[0\],15.78
_1537_,15.76
RF.reg_arr\[11\]\[20\],15.74
RF.reg_arr\[26\]\[4\],15.73
RF.reg_arr\[4\]\[26\],15.72
_2995_,15.72
RF.reg_arr\[16\]\[24\],15.7
_2145_,15.7
RF.reg_arr\[2\]\[16\],15.685
_1542_,15.68
RF.reg_arr\[1\]\[31\],15.66
_1487_,15.66
RF.reg_arr\[24\]\[17\],15.64
RF.reg_arr\[8\]\[13\],15.64
_1258_,15.64
RF.reg_arr\[31\]\[23\],15.62
RF.reg_arr\[0\]\[3\],15.6
RF.reg_arr\[16\]\[1\],15.6
RF.reg_arr\[24\]\[2\],15.6
RF.reg_arr\[5\]\[25\],15.6
_1950_,15.6
_2801_,15.58
_2098_,15.575
RF.reg_arr\[18\]\[25\],15.565
RF.reg_arr\[15\]\[9\],15.56
RF.reg_arr\[31\]\[12\],15.56
RF.reg_arr\[31\]\[1\],15.56
_2123_,15.54
_2226_,15.54
RF.reg_arr\[10\]\[21\],15.535
RF.reg_arr\[21\]\[18\],15.52
_1984_,15.52
_2953_,15.52
RF.reg_arr\[7\]\[22\],15.46
RF.reg_arr\[11\]\[7\],15.44
_2814_,15.44
RF.reg_arr\[30\]\[18\],15.435
RF.reg_arr\[8\]\[22\],15.42
RF.reg_arr\[8\]\[26\],15.42
_2278_,15.42
_2410_,15.4
_0383_,15.385
RF.reg_arr\[13\]\[13\],15.38
_1278_,15.34
_2143_,15.34
RF.reg_arr\[31\]\[3\],15.32
RF.reg_arr\[7\]\[6\],15.32
_2867_,15.3
RF.reg_arr\[11\]\[24\],15.28
RF.reg_arr\[22\]\[31\],15.28
_1086_,15.28
_1565_,15.26
_2828_,15.26
_1718_,15.25
_1429_,15.24
RF.reg_arr\[13\]\[2\],15.22
RF.reg_arr\[15\]\[7\],15.22
RF.reg_arr\[5\]\[10\],15.22
_1120_,15.22
_1999_,15.22
_2768_,15.22
RF.reg_arr\[13\]\[23\],15.2
RF.reg_arr\[9\]\[18\],15.2
_2579_,15.2
RF.reg_arr\[16\]\[28\],15.18
RF.reg_arr\[3\]\[11\],15.18
_3665_,15.18
RF.reg_arr\[18\]\[15\],15.17
RF.reg_arr\[6\]\[24\],15.17
_3157_,15.14
RF.reg_arr\[22\]\[29\],15.135
_2741_,15.125
_1231_,15.12
RF.reg_arr\[7\]\[21\],15.1
_2116_,15.1
_2546_,15.1
RF.reg_arr\[27\]\[6\],15.09
_1509_,15.08
RF.reg_arr\[23\]\[8\],15.06
RF.reg_arr\[31\]\[2\],15.06
_1656_,15.06
_1767_,15.06
_1546_,15.04
RF.reg_arr\[19\]\[8\],15.02
_2517_,15.02
RF.reg_arr\[23\]\[11\],14.98
RF.reg_arr\[25\]\[6\],14.98
RF.reg_arr\[7\]\[9\],14.98
RF.reg_arr\[1\]\[20\],14.96
RF.reg_arr\[23\]\[0\],14.96
_1331_,14.94
_2593_,14.9
RF.reg_arr\[6\]\[16\],14.89
_0044_,14.885
RF.reg_arr\[7\]\[11\],14.88
RF.reg_arr\[3\]\[0\],14.86
RF.reg_arr\[3\]\[20\],14.84
_0647_,14.825
RF.reg_arr\[13\]\[20\],14.82
RF.reg_arr\[31\]\[20\],14.82
net514,14.82
RF.reg_arr\[3\]\[1\],14.8
_2194_,14.8
net319,14.76
RF.reg_arr\[19\]\[9\],14.74
RF.reg_arr\[12\]\[16\],14.72
RF.reg_arr\[3\]\[23\],14.72
_1873_,14.7
_2630_,14.7
_2649_,14.7
_1474_,14.66
_1798_,14.66
_2161_,14.66
RF.reg_arr\[9\]\[25\],14.64
_1523_,14.62
RF.reg_arr\[26\]\[8\],14.615
RF.reg_arr\[11\]\[22\],14.6
RF.reg_arr\[19\]\[28\],14.6
RF.reg_arr\[23\]\[27\],14.6
RF.reg_arr\[2\]\[18\],14.6
_1862_,14.6
RF.reg_arr\[0\]\[29\],14.58
_1226_,14.58
RF.reg_arr\[14\]\[24\],14.57
_2942_,14.56
_3721_,14.56
RF.reg_arr\[26\]\[25\],14.53
RF.reg_arr\[13\]\[25\],14.52
RF.reg_arr\[27\]\[1\],14.52
_2729_,14.52
_1779_,14.5
_2640_,14.5
RF.reg_arr\[30\]\[27\],14.495
RF.reg_arr\[23\]\[14\],14.48
_1425_,14.48
_2704_,14.46
net265,14.46
net531,14.46
RF.reg_arr\[10\]\[24\],14.43
RF.reg_arr\[7\]\[13\],14.42
_1360_,14.42
_2070_,14.42
_2897_,14.42
_1809_,14.4
RF.reg_arr\[2\]\[26\],14.395
RF.reg_arr\[22\]\[0\],14.39
_2572_,14.38
_1553_,14.345
RF.reg_arr\[14\]\[8\],14.335
RF.reg_arr\[0\]\[9\],14.3
RF.reg_arr\[17\]\[18\],14.3
_2674_,14.3
net581,14.3
_1379_,14.28
RF.reg_arr\[11\]\[3\],14.26
RF.reg_arr\[5\]\[18\],14.26
_1290_,14.26
RF.reg_arr\[11\]\[30\],14.22
RF.reg_arr\[1\]\[24\],14.22
RF.reg_arr\[24\]\[13\],14.22
RF.reg_arr\[28\]\[8\],14.22
RF.reg_arr\[29\]\[9\],14.22
_2789_,14.22
RF.reg_arr\[23\]\[10\],14.21
_1266_,14.2
RF.reg_arr\[17\]\[28\],14.18
RF.reg_arr\[23\]\[15\],14.18
_1151_,14.16
RF.reg_arr\[21\]\[17\],14.14
_3586_,14.12
RF.reg_arr\[11\]\[31\],14.1
net934,14.1
RF.reg_arr\[15\]\[13\],14.08
_1285_,14.08
RF.reg_arr\[14\]\[27\],14.075
RF.reg_arr\[14\]\[9\],14.06
RF.reg_arr\[8\]\[20\],14.06
_1752_,14.06
RF.reg_arr\[2\]\[14\],14.055
RF.reg_arr\[30\]\[17\],14.05
RF.reg_arr\[6\]\[9\],14.05
_0948_,14.045
RF.reg_arr\[0\]\[27\],14.04
RF.reg_arr\[13\]\[17\],14.04
RF.reg_arr\[17\]\[24\],14.04
_1954_,14.04
_2671_,14.04
_1317_,14
_1959_,14
_2171_,14
RF.reg_arr\[11\]\[23\],13.98
_1066_,13.98
_2475_,13.96
_3141_,13.96
_0679_,13.925
_1330_,13.92
net179,13.9
net772,13.9
_1461_,13.88
_1664_,13.88
_2392_,13.88
_2551_,13.88
_3505_,13.88
net517,13.86
RF.reg_arr\[16\]\[13\],13.84
_1215_,13.84
RF.reg_arr\[17\]\[13\],13.8
_1198_,13.78
RF.reg_arr\[0\]\[19\],13.76
RF.reg_arr\[13\]\[9\],13.76
RF.reg_arr\[31\]\[6\],13.76
_2236_,13.72
RF.reg_arr\[21\]\[11\],13.7
_1816_,13.69
RF.reg_arr\[29\]\[11\],13.68
_2257_,13.68
RF.reg_arr\[0\]\[28\],13.66
_4069_,13.66
_1787_,13.64
RF.reg_arr\[22\]\[20\],13.63
RF.reg_arr\[3\]\[16\],13.6
RF.reg_arr\[8\]\[29\],13.6
_1171_,13.6
_2689_,13.59
RF.reg_arr\[31\]\[25\],13.58
RF.reg_arr\[7\]\[3\],13.58
_2425_,13.58
_2518_,13.565
RF.reg_arr\[2\]\[4\],13.55
RF.reg_arr\[29\]\[4\],13.54
_1460_,13.54
_1786_,13.54
_1815_,13.54
_4202_,13.54
net391,13.54
RF.reg_arr\[14\]\[12\],13.515
RF.reg_arr\[22\]\[21\],13.51
_1557_,13.5
RF.reg_arr\[14\]\[20\],13.49
RF.reg_arr\[26\]\[22\],13.475
RF.reg_arr\[15\]\[22\],13.46
_3807_,13.42
_0097_,13.4
_4139_,13.4
RF.reg_arr\[20\]\[17\],13.38
RF.reg_arr\[27\]\[10\],13.38
RF.reg_arr\[4\]\[14\],13.38
_1072_,13.38
_1257_,13.38
_1356_,13.38
_1976_,13.38
_2222_,13.38
RF.reg_arr\[24\]\[18\],13.34
_3523_,13.34
net443,13.34
RF.reg_arr\[19\]\[21\],13.32
RF.reg_arr\[3\]\[14\],13.3
_2611_,13.3
_0739_,13.285
net454,13.28
RF.reg_arr\[6\]\[29\],13.27
RF.reg_arr\[15\]\[30\],13.26
RF.reg_arr\[3\]\[15\],13.26
_0998_,13.225
RF.reg_arr\[11\]\[14\],13.22
RF.reg_arr\[21\]\[28\],13.22
RF.reg_arr\[3\]\[12\],13.22
_1412_,13.22
_2819_,13.22
_2705_,13.2
RF.reg_arr\[30\]\[11\],13.185
_2020_,13.18
_2797_,13.18
net576,13.18
RF.reg_arr\[10\]\[30\],13.15
RF.reg_arr\[11\]\[21\],13.14
RF.reg_arr\[15\]\[12\],13.14
RF.reg_arr\[29\]\[19\],13.14
RF.reg_arr\[27\]\[15\],13.12
RF.reg_arr\[3\]\[9\],13.12
RF.reg_arr\[7\]\[28\],13.12
RF.reg_arr\[9\]\[23\],13.12
_2032_,13.12
_3518_,13.12
RF.reg_arr\[2\]\[20\],13.115
RF.reg_arr\[21\]\[2\],13.1
_2426_,13.1
_2765_,13.1
_2221_,13.08
_2499_,13.08
_2799_,13.08
RF.reg_arr\[27\]\[13\],13.06
_2834_,13.06
RF.reg_arr\[30\]\[21\],13.05
_1142_,13.04
_1701_,13.04
_1820_,13.04
_2393_,13.04
_2804_,13.04
RF.reg_arr\[21\]\[10\],13.02
RF.reg_arr\[24\]\[16\],13.02
RF.reg_arr\[7\]\[16\],13
_1923_,12.98
_1990_,12.98
_2204_,12.98
RF.reg_arr\[24\]\[4\],12.96
_1638_,12.96
_2638_,12.96
_2958_,12.96
_3621_,12.96
RF.reg_arr\[30\]\[8\],12.95
_0551_,12.945
_3943_,12.94
net510,12.94
RF.reg_arr\[13\]\[30\],12.92
RF.reg_arr\[1\]\[13\],12.92
RF.reg_arr\[3\]\[10\],12.92
RF.reg_arr\[7\]\[27\],12.92
_2205_,12.92
_0011_,12.905
_0689_,12.885
RF.reg_arr\[19\]\[5\],12.88
RF.reg_arr\[1\]\[28\],12.88
net404,12.88
_0976_,12.865
_1659_,12.86
_2017_,12.84
_1608_,12.82
_2112_,12.82
_2695_,12.78
_1079_,12.76
_2548_,12.76
_2699_,12.76
RF.reg_arr\[30\]\[26\],12.74
_1101_,12.74
_2206_,12.74
RF.reg_arr\[12\]\[18\],12.7
_1227_,12.7
_2508_,12.7
net235,12.7
RF.reg_arr\[19\]\[22\],12.68
RF.reg_arr\[31\]\[17\],12.68
RF.reg_arr\[18\]\[31\],12.675
_0963_,12.665
RF.reg_arr\[29\]\[28\],12.66
_1505_,12.66
_3135_,12.66
RF.reg_arr\[1\]\[18\],12.64
RF.reg_arr\[5\]\[30\],12.64
_3834_,12.64
_2858_,12.62
net961,12.62
_0991_,12.585
_3597_,12.58
RF.reg_arr\[18\]\[26\],12.575
_0725_,12.545
_2544_,12.54
RF.reg_arr\[2\]\[27\],12.53
_1136_,12.52
_2100_,12.5
_2908_,12.5
_3148_,12.5
_3174_,12.5
_3677_,12.5
net1052,12.5
RF.reg_arr\[18\]\[28\],12.48
RF.reg_arr\[17\]\[27\],12.46
_2396_,12.46
net1127,12.46
_0723_,12.445
RF.reg_arr\[9\]\[31\],12.42
RF.reg_arr\[22\]\[24\],12.415
_1952_,12.4
_1435_,12.39
_1071_,12.38
RF.reg_arr\[14\]\[23\],12.37
_1953_,12.36
RF.reg_arr\[15\]\[6\],12.34
RF.reg_arr\[27\]\[21\],12.34
RF.reg_arr\[28\]\[16\],12.34
RF.reg_arr\[26\]\[9\],12.33
_1529_,12.3
_2230_,12.3
net487,12.3
net493,12.3
RF.reg_arr\[27\]\[0\],12.28
_1552_,12.28
_1901_,12.28
_2057_,12.28
_0318_,12.265
RF.reg_arr\[6\]\[3\],12.25
_3022_,12.24
RF.reg_arr\[0\]\[15\],12.22
RF.reg_arr\[15\]\[1\],12.22
_2893_,12.22
RF.reg_arr\[15\]\[31\],12.2
RF.reg_arr\[29\]\[16\],12.2
RF.reg_arr\[31\]\[15\],12.2
_1145_,12.18
_4230_,12.18
RF.reg_arr\[13\]\[0\],12.16
_2763_,12.16
_3104_,12.16
_3690_,12.16
_4108_,12.16
RF.reg_arr\[18\]\[17\],12.155
_3988_,12.12
RF.reg_arr\[14\]\[1\],12.115
RF.reg_arr\[30\]\[10\],12.115
_3190_,12.08
_3413_,12.08
_3506_,12.08
_4024_,12.08
_4226_,12.08
_0168_,12.065
_0113_,12.06
net135,12.06
net144,12.06
_2326_,12.04
_2913_,12
_0250_,11.985
RF.reg_arr\[11\]\[26\],11.96
RF.reg_arr\[22\]\[23\],11.96
RF.reg_arr\[29\]\[29\],11.96
_1725_,11.96
_2345_,11.96
_3539_,11.96
net681,11.94
RF.reg_arr\[7\]\[23\],11.92
RF.reg_arr\[2\]\[7\],11.9
net438,11.9
net967,11.9
_0676_,11.885
_1928_,11.88
_2272_,11.88
RF.reg_arr\[25\]\[1\],11.86
_1124_,11.86
net364,11.86
net836,11.86
RF.reg_arr\[19\]\[15\],11.84
_1298_,11.84
_3767_,11.82
_4127_,11.82
net121,11.82
_2609_,11.8
RF.reg_arr\[14\]\[26\],11.79
_2007_,11.78
RF.reg_arr\[1\]\[26\],11.76
RF.reg_arr\[7\]\[24\],11.76
_1402_,11.74
_1488_,11.74
_3814_,11.74
_4023_,11.74
_0150_,11.725
_1694_,11.7
_2159_,11.7
_3291_,11.7
_3465_,11.7
_2862_,11.68
RF.reg_arr\[6\]\[26\],11.67
RF.reg_arr\[28\]\[4\],11.66
_1329_,11.66
_3127_,11.66
RF.reg_arr\[22\]\[22\],11.635
_2202_,11.62
net297,11.6
_2364_,11.58
_3126_,11.58
_1294_,11.56
RF.reg_arr\[30\]\[28\],11.54
_1208_,11.54
_2122_,11.54
_0570_,11.535
_2864_,11.52
RF.reg_arr\[23\]\[4\],11.5
RF.reg_arr\[9\]\[19\],11.5
_1630_,11.5
_2933_,11.5
net584,11.5
_0132_,11.485
_1602_,11.48
_2500_,11.48
_3224_,11.48
net549,11.48
_1172_,11.46
_1200_,11.455
_0846_,11.445
RF.reg_arr\[17\]\[16\],11.42
RF.reg_arr\[31\]\[0\],11.42
_1893_,11.42
_2571_,11.42
net216,11.42
_1503_,11.4
RF.reg_arr\[14\]\[30\],11.395
_0196_,11.385
RF.reg_arr\[5\]\[2\],11.38
_2136_,11.38
_2358_,11.38
_1439_,11.36
_1454_,11.36
_2306_,11.36
RF.reg_arr\[26\]\[20\],11.335
_1038_,11.32
_2307_,11.32
_2408_,11.32
_3472_,11.32
_4053_,11.32
RF.reg_arr\[30\]\[2\],11.315
RF.reg_arr\[6\]\[30\],11.315
_0653_,11.305
RF.reg_arr\[29\]\[6\],11.28
RF.reg_arr\[9\]\[28\],11.28
_2822_,11.28
_2371_,11.26
_2459_,11.26
_4183_,11.26
_0310_,11.245
_3043_,11.24
_3810_,11.24
RF.reg_arr\[14\]\[21\],11.21
RF.reg_arr\[17\]\[14\],11.2
_3636_,11.2
_3715_,11.2
_4068_,11.2
RF.reg_arr\[18\]\[24\],11.19
RF.reg_arr\[24\]\[19\],11.16
_2217_,11.16
net424,11.16
net688,11.16
_1397_,11.14
_1880_,11.14
_1389_,11.12
_1479_,11.12
_1776_,11.12
_2623_,11.12
_3419_,11.12
_3512_,11.12
net573,11.12
net872,11.12
_0249_,11.105
_3500_,11.1
RF.reg_arr\[14\]\[5\],11.09
_1003_,11.085
RF.reg_arr\[15\]\[28\],11.08
RF.reg_arr\[8\]\[2\],11.08
_1515_,11.08
_1783_,11.08
_3172_,11.08
net87,11.08
_2365_,11.06
RF.reg_arr\[17\]\[8\],11.04
_2018_,11.04
_2818_,11.04
_1181_,11.02
_1908_,11.02
net697,11.02
RF.reg_arr\[19\]\[7\],10.96
_0711_,10.96
_1814_,10.96
net154,10.96
net908,10.96
RF.reg_arr\[10\]\[25\],10.95
RF.reg_arr\[25\]\[2\],10.94
_2876_,10.94
_1373_,10.92
_1785_,10.92
_2295_,10.9
_2481_,10.9
_2482_,10.9
_3488_,10.9
net722,10.9
_1494_,10.88
_3099_,10.88
_4114_,10.88
_4130_,10.88
RF.reg_arr\[5\]\[7\],10.86
_1216_,10.86
_1601_,10.86
_1810_,10.86
_3738_,10.86
RF.reg_arr\[11\]\[17\],10.84
RF.reg_arr\[3\]\[24\],10.82
_1914_,10.82
_3349_,10.82
_4125_,10.82
_2820_,10.8
_0935_,10.785
RF.reg_arr\[27\]\[3\],10.78
_1434_,10.78
_2078_,10.78
_3542_,10.78
_3880_,10.78
_3895_,10.78
_4192_,10.78
_0275_,10.765
_0609_,10.765
_2376_,10.74
_3256_,10.74
_3811_,10.74
RF.reg_arr\[1\]\[25\],10.72
_2249_,10.7
net143,10.68
net338,10.68
_1894_,10.64
_2648_,10.64
net184,10.64
net225,10.64
RF.reg_arr\[27\]\[2\],10.63
_1735_,10.62
_0013_,10.615
_0139_,10.605
net89,10.6
net301,10.6
_2075_,10.58
_2240_,10.58
net867,10.58
net1065,10.58
_0842_,10.565
_3066_,10.54
clknet_leaf_59_CLK,10.54
_1837_,10.52
RF.reg_arr\[9\]\[12\],10.5
_2537_,10.5
_2538_,10.5
_0804_,10.485
net1110,10.48
RF.reg_arr\[29\]\[13\],10.46
_1558_,10.46
_1107_,10.44
_1339_,10.44
_1464_,10.44
_3179_,10.44
_2542_,10.42
_1199_,10.4
_1562_,10.4
_2912_,10.4
_3140_,10.4
_3247_,10.4
RF.reg_arr\[23\]\[18\],10.38
RF.reg_arr\[9\]\[22\],10.38
_2158_,10.38
_2348_,10.38
RF.reg_arr\[19\]\[17\],10.36
RF.reg_arr\[5\]\[13\],10.36
_3049_,10.36
_3534_,10.36
_3977_,10.36
_1497_,10.34
_3728_,10.34
net201,10.34
_1102_,10.32
_1269_,10.32
_2039_,10.32
_2332_,10.32
_2413_,10.32
_2431_,10.32
_2498_,10.32
_3332_,10.32
net156,10.32
net985,10.32
_0840_,10.285
_1936_,10.28
_2461_,10.28
_3657_,10.28
RF.reg_arr\[3\]\[27\],10.24
_1741_,10.24
_2165_,10.24
_2409_,10.24
RF.reg_arr\[25\]\[31\],10.21
_1336_,10.2
_2328_,10.2
_2351_,10.2
_2460_,10.2
_2883_,10.2
_1569_,10.18
_1811_,10.18
net503,10.18
RF.reg_arr\[13\]\[10\],10.16
RF.reg_arr\[29\]\[10\],10.16
_1712_,10.16
_1723_,10.16
_2806_,10.14
net316,10.14
_1166_,10.12
_2515_,10.12
_0152_,10.105
_4115_,10.1
net1034,10.1
_1300_,10.08
_0170_,10.065
_0838_,10.065
_2384_,10.06
RF.reg_arr\[13\]\[11\],10.04
RF.reg_arr\[7\]\[20\],10.04
_2374_,10.04
_2227_,10.02
_0576_,10.015
_1152_,9.98
_3304_,9.98
_3768_,9.98
net674,9.98
_1210_,9.94
_1418_,9.94
_1777_,9.94
_2684_,9.94
_2839_,9.94
_3730_,9.94
RF.reg_arr\[24\]\[27\],9.92
RF.reg_arr\[9\]\[13\],9.92
_2516_,9.92
RF.reg_arr\[11\]\[8\],9.9
RF.reg_arr\[16\]\[8\],9.9
RF.reg_arr\[27\]\[9\],9.9
_1538_,9.9
_3038_,9.9
net552,9.9
_1477_,9.88
_3137_,9.88
_3602_,9.88
net1037,9.88
_0137_,9.865
_1433_,9.86
_3108_,9.86
_3571_,9.86
net712,9.86
_0292_,9.84
_0237_,9.825
_1774_,9.82
_2788_,9.82
_3275_,9.82
_3568_,9.82
_3939_,9.82
_2176_,9.8
_3220_,9.8
_3733_,9.8
RF.reg_arr\[29\]\[18\],9.78
_1730_,9.78
_2622_,9.78
_4082_,9.78
_4221_,9.78
net701,9.78
_1492_,9.76
_2924_,9.75
_3396_,9.74
_1986_,9.72
_2372_,9.72
net565,9.72
_0378_,9.705
_1018_,9.705
RF.reg_arr\[13\]\[18\],9.7
RF.reg_arr\[8\]\[1\],9.7
_2559_,9.7
_2963_,9.7
RF.reg_arr\[30\]\[24\],9.695
_0280_,9.685
_0965_,9.685
_0970_,9.685
net687,9.68
_0746_,9.665
_1144_,9.66
_2652_,9.66
_4019_,9.66
_0950_,9.645
_1765_,9.64
_2656_,9.64
net94,9.62
_1138_,9.6
_1560_,9.6
net639,9.6
RF.reg_arr\[25\]\[17\],9.58
RF.reg_arr\[4\]\[11\],9.58
_3998_,9.58
net821,9.58
_0194_,9.565
_0790_,9.565
net252,9.56
_1259_,9.52
_1547_,9.52
_2261_,9.52
net421,9.52
_1576_,9.5
_1727_,9.5
_2835_,9.5
net984,9.5
_1890_,9.48
_1932_,9.48
_2170_,9.48
_2383_,9.48
_2506_,9.48
_3535_,9.48
_3553_,9.48
_3713_,9.48
_4203_,9.48
_0659_,9.46
_1335_,9.46
_0088_,9.445
_0224_,9.445
_0244_,9.445
_0591_,9.445
_1501_,9.44
_1994_,9.44
_2016_,9.44
_3659_,9.44
net645,9.44
net750,9.44
net768,9.44
net906,9.44
_3345_,9.42
_3456_,9.42
net501,9.42
_0671_,9.415
_0263_,9.405
_0728_,9.405
_2037_,9.4
_2286_,9.4
_2964_,9.4
_3585_,9.4
_3694_,9.4
_3732_,9.4
_4062_,9.4
net482,9.4
_1160_,9.36
_1306_,9.36
_1866_,9.36
_1912_,9.36
_2167_,9.36
_3606_,9.36
_3644_,9.36
net1067,9.36
RF.reg_arr\[30\]\[6\],9.355
RF.reg_arr\[3\]\[25\],9.34
RF.reg_arr\[7\]\[15\],9.34
_2716_,9.34
_1251_,9.32
_1796_,9.32
_1836_,9.32
_2851_,9.32
_2898_,9.32
net112,9.32
net150,9.32
net324,9.32
net938,9.32
_0754_,9.3
_1874_,9.3
_2299_,9.3
net270,9.3
_2232_,9.28
net138,9.28
net224,9.28
net413,9.28
net705,9.28
net1081,9.28
_0010_,9.275
_1352_,9.26
_1961_,9.26
net817,9.26
_0940_,9.245
_2310_,9.24
_2653_,9.24
_2901_,9.24
_0009_,9.225
_1244_,9.22
_1572_,9.22
_2177_,9.22
_2213_,9.22
_2502_,9.22
net352,9.22
net892,9.22
_1745_,9.2
_1909_,9.2
net738,9.2
_2794_,9.16
_1398_,9.14
_2259_,9.14
_4086_,9.12
_0380_,9.105
_0901_,9.095
_1382_,9.08
_2239_,9.08
_2861_,9.08
_1109_,9.06
_2063_,9.06
_2610_,9.06
net151,9.06
net540,9.06
_2046_,9.04
net703,9.04
RF.reg_arr\[21\]\[5\],9.02
_1074_,9.02
_1369_,9.02
_1751_,9.02
_1913_,9.02
_2012_,9.02
_2399_,9.02
_2449_,9.02
_3221_,9.02
_3222_,9.02
_3277_,9.02
_3545_,9.02
_3668_,9.02
net174,9.02
net1025,9.02
net1129,9.02
_0883_,9.005
_1870_,9
_1380_,8.98
_1535_,8.98
_2126_,8.98
_3959_,8.98
net110,8.98
RF.reg_arr\[13\]\[16\],8.96
_1731_,8.95
_0560_,8.945
_0995_,8.945
_2352_,8.94
_3470_,8.92
_0519_,8.905
_0697_,8.905
_2229_,8.9
_3238_,8.9
_4224_,8.9
net191,8.9
net754,8.9
net819,8.9
_2297_,8.88
_3181_,8.88
_1760_,8.86
_1903_,8.86
_2263_,8.86
_2817_,8.86
_3762_,8.86
_3820_,8.86
_3962_,8.86
net329,8.86
net689,8.86
net852,8.86
net942,8.86
net989,8.86
net1114,8.84
_1778_,8.83
RF.reg_arr\[20\]\[8\],8.82
_2355_,8.82
_0789_,8.8
_1861_,8.8
_2829_,8.8
_2955_,8.8
_0890_,8.785
_2770_,8.78
net810,8.78
_0018_,8.765
_0221_,8.765
_0740_,8.765
_0907_,8.765
_0918_,8.765
_1222_,8.76
_1324_,8.76
net132,8.76
net259,8.76
_1688_,8.74
_1937_,8.74
_2241_,8.74
_2589_,8.74
_3577_,8.74
_3883_,8.74
_4231_,8.74
net593,8.74
net763,8.74
_0579_,8.725
_0941_,8.725
net238,8.72
net582,8.72
_1224_,8.68
_1513_,8.68
net1050,8.68
RF.reg_arr\[26\]\[3\],8.675
_0825_,8.665
net101,8.66
net651,8.66
_0431_,8.655
_2608_,8.64
_2723_,8.62
_0681_,8.615
_0000_,8.605
_3643_,8.6
_3798_,8.6
net103,8.6
_3525_,8.58
_4072_,8.58
_0069_,8.565
_0812_,8.565
RF.reg_arr\[12\]\[0\],8.56
_1182_,8.56
_1795_,8.56
_3165_,8.56
_3283_,8.56
_3326_,8.56
_3866_,8.56
_4071_,8.56
net410,8.56
_1332_,8.54
_1670_,8.52
_1788_,8.52
_2285_,8.52
_3533_,8.52
_4003_,8.52
_4094_,8.52
net1128,8.52
net209,8.5
_1250_,8.48
_3271_,8.48
_3289_,8.48
net229,8.48
net507,8.48
_0831_,8.465
_2543_,8.46
net237,8.46
_2493_,8.44
_2937_,8.44
_3183_,8.44
_3466_,8.44
_3773_,8.44
_3965_,8.44
_4212_,8.44
_4216_,8.44
net617,8.44
_3189_,8.42
_0179_,8.405
_1132_,8.4
_2479_,8.4
_3122_,8.4
_3194_,8.4
_3239_,8.4
_3555_,8.4
_3896_,8.4
_3916_,8.4
net476,8.4
_0193_,8.38
net806,8.38
_0052_,8.365
_3862_,8.36
_1428_,8.34
_1973_,8.34
_2281_,8.34
_3781_,8.34
net170,8.34
_0369_,8.325
_0419_,8.325
net779,8.32
_0912_,8.305
_2163_,8.3
net471,8.3
net525,8.3
net751,8.3
net986,8.3
net1027,8.3
_2142_,8.28
_2565_,8.28
_2803_,8.28
net943,8.28
_1319_,8.265
_1530_,8.22
_1818_,8.22
_0665_,8.205
_1256_,8.2
_2367_,8.2
_3519_,8.2
net578,8.2
_1032_,8.18
net257,8.16
net310,8.16
_0498_,8.155
_2939_,8.15
_1264_,8.14
_1471_,8.14
_1554_,8.14
_2134_,8.14
_2344_,8.14
_2922_,8.14
_3228_,8.14
net223,8.14
_3265_,8.12
net304,8.12
net814,8.12
_1288_,8.1
_1527_,8.1
_1991_,8.1
_3047_,8.1
_3285_,8.1
_3368_,8.1
net394,8.1
net741,8.1
net963,8.1
RF.reg_arr\[26\]\[0\],8.09
RF.reg_arr\[13\]\[19\],8.08
_0012_,8.065
_0015_,8.065
_0589_,8.065
_0889_,8.065
_0989_,8.065
_1473_,8.06
_3411_,8.06
_3461_,8.06
_4018_,8.06
_4060_,8.06
_4205_,8.06
net100,8.06
net1042,8.06
_0504_,8.04
_2043_,8.04
_2873_,8.04
_0644_,8.025
_1673_,8.02
_2737_,8.02
_3873_,8.02
net393,8.02
net729,8.02
_2505_,8
_0387_,7.985
_1438_,7.98
_1802_,7.98
_1839_,7.98
_2303_,7.98
_2350_,7.98
_2405_,7.98
_2458_,7.98
_2654_,7.98
_2757_,7.98
_3030_,7.98
_3284_,7.98
_3384_,7.98
_3497_,7.98
_4093_,7.98
_4225_,7.98
net436,7.98
net752,7.98
net753,7.98
_2798_,7.96
_2906_,7.96
_3225_,7.96
_3884_,7.96
_1943_,7.94
_2114_,7.94
_3258_,7.94
_3573_,7.94
_3587_,7.94
_3608_,7.94
_3612_,7.94
_3996_,7.94
_4110_,7.94
_4233_,7.94
net328,7.94
_0305_,7.925
_0053_,7.92
net210,7.92
net406,7.92
net455,7.92
net547,7.92
_1915_,7.905
_2385_,7.9
_3282_,7.9
_3531_,7.9
net83,7.9
_0569_,7.88
_0572_,7.88
_1351_,7.88
_3823_,7.88
RF.reg_arr\[4\]\[13\],7.86
_0138_,7.86
_0146_,7.86
_0972_,7.845
_1179_,7.84
_2014_,7.84
_2179_,7.84
_2238_,7.84
net524,7.84
net721,7.84
net1073,7.84
RF.reg_arr\[21\]\[30\],7.82
_1201_,7.82
_3192_,7.82
net977,7.82
_0434_,7.815
_0670_,7.815
_0927_,7.805
_2201_,7.8
net668,7.8
net995,7.8
RF.reg_arr\[25\]\[29\],7.78
_0822_,7.765
_2270_,7.76
_0964_,7.745
_1728_,7.74
_1021_,7.705
_0445_,7.695
_0777_,7.695
_0832_,7.695
_0849_,7.695
_1957_,7.68
_3264_,7.68
_3390_,7.68
net850,7.68
net939,7.68
_2743_,7.66
_4047_,7.66
_0198_,7.645
RF.reg_arr\[0\]\[7\],7.64
_1087_,7.64
_2406_,7.64
_3246_,7.64
_3582_,7.64
_4037_,7.64
_4136_,7.64
_4214_,7.64
net807,7.64
_1556_,7.62
_2398_,7.62
_0354_,7.605
_1443_,7.6
_1888_,7.6
_1958_,7.6
_3203_,7.6
_3241_,7.6
_3672_,7.6
_4152_,7.6
net648,7.6
net719,7.6
_2807_,7.58
_2871_,7.58
_0844_,7.565
_1518_,7.56
_1559_,7.56
_2160_,7.56
_2316_,7.56
_3070_,7.56
_3360_,7.56
_3490_,7.56
_3714_,7.56
_3839_,7.56
_3926_,7.56
net277,7.56
net311,7.56
net983,7.56
_0820_,7.545
_2636_,7.54
net595,7.54
_2055_,7.52
_2523_,7.52
_3468_,7.52
_3632_,7.52
_3756_,7.52
_3819_,7.52
_3844_,7.52
net84,7.52
net113,7.52
net128,7.52
net131,7.52
net153,7.52
net164,7.52
net408,7.52
net522,7.52
net1122,7.52
_0929_,7.505
_3879_,7.5
_3363_,7.48
_3398_,7.48
_3526_,7.48
_3537_,7.48
_3635_,7.48
_3739_,7.48
_3761_,7.48
_3890_,7.48
_4035_,7.48
_2065_,7.46
_2128_,7.46
_2264_,7.46
net376,7.46
net396,7.46
_3278_,7.44
_3459_,7.44
net294,7.44
net497,7.44
_1371_,7.42
_1702_,7.42
_1804_,7.42
_2450_,7.42
net624,7.42
net1085,7.42
RF.reg_arr\[1\]\[23\],7.4
_2137_,7.4
net320,7.4
net616,7.4
net918,7.4
_0460_,7.385
_1147_,7.38
_1376_,7.38
_1496_,7.38
_1956_,7.38
net433,7.38
net463,7.38
_0326_,7.365
_1475_,7.36
_2186_,7.36
_2561_,7.36
net509,7.36
net903,7.36
_0172_,7.345
_0227_,7.345
_0760_,7.34
_1666_,7.34
_2168_,7.34
net849,7.34
_0518_,7.305
_0611_,7.305
_2850_,7.3
net936,7.3
_0549_,7.285
_2395_,7.28
_2938_,7.28
net203,7.28
net987,7.28
_0939_,7.265
_2764_,7.24
_1579_,7.22
_1800_,7.22
_1979_,7.22
_2284_,7.22
_2796_,7.22
_3634_,7.22
_4198_,7.22
_2874_,7.2
_3316_,7.2
_1733_,7.18
_2092_,7.18
_2228_,7.18
_2667_,7.18
_2696_,7.18
_3510_,7.18
_3624_,7.18
_3676_,7.18
_3821_,7.18
_3901_,7.18
_4210_,7.18
net1002,7.18
_0160_,7.165
_0768_,7.165
_0809_,7.165
_0877_,7.165
_1671_,7.16
_0114_,7.145
_0680_,7.145
_0769_,7.145
_2089_,7.14
_2225_,7.14
_2920_,7.14
_3599_,7.14
net714,7.14
_1946_,7.12
_3660_,7.12
_0003_,7.105
_0079_,7.105
_1295_,7.1
_1704_,7.1
_2921_,7.1
_3211_,7.1
_3615_,7.1
_3748_,7.1
_3852_,7.1
_3930_,7.1
net279,7.1
net368,7.1
net1064,7.1
net1121,7.1
_0417_,7.085
_1400_,7.08
_2153_,7.08
_1057_,7.06
_1235_,7.06
_1359_,7.06
_1972_,7.06
_2009_,7.06
_2086_,7.06
_2150_,7.06
_3358_,7.06
net115,7.06
net348,7.06
net418,7.06
net709,7.06
net747,7.06
net851,7.06
_3217_,7.04
_3476_,7.04
_0827_,7.02
_1291_,7.02
_2476_,7
net643,7
_3675_,6.98
_3698_,6.98
_3789_,6.98
net172,6.98
net365,6.98
net835,6.98
_0602_,6.96
_0682_,6.96
_0786_,6.96
_0886_,6.96
_0957_,6.96
_1417_,6.96
_2056_,6.96
_2079_,6.96
_3863_,6.96
net222,6.96
net361,6.96
_0878_,6.955
RF.reg_arr\[20\]\[13\],6.94
RF.reg_arr\[20\]\[9\],6.94
_1334_,6.94
_1871_,6.94
_2455_,6.94
_0503_,6.925
_1252_,6.92
_1757_,6.92
_2291_,6.92
net199,6.92
net321,6.92
net591,6.92
net893,6.92
_2645_,6.9
_0490_,6.885
_1500_,6.88
_0748_,6.86
_2181_,6.86
_2577_,6.86
_0352_,6.845
_1095_,6.84
_2097_,6.84
_2587_,6.84
net775,6.84
_0022_,6.825
_0542_,6.825
_0615_,6.825
_0624_,6.825
_0693_,6.825
_0784_,6.825
_0834_,6.825
RF.reg_arr\[9\]\[20\],6.82
_2387_,6.82
net162,6.82
net631,6.82
net841,6.82
_2590_,6.78
_2894_,6.78
net1044,6.78
_2072_,6.775
_0829_,6.765
_1969_,6.765
_1917_,6.76
_3102_,6.76
_3114_,6.76
_3230_,6.76
_3380_,6.76
_3766_,6.76
_3889_,6.76
_3937_,6.76
_3997_,6.76
net957,6.76
net998,6.76
_0397_,6.745
_0628_,6.745
_2024_,6.74
_2526_,6.74
_3584_,6.74
_4096_,6.74
net81,6.74
RF.reg_arr\[16\]\[17\],6.72
_1573_,6.72
_1766_,6.72
_1900_,6.72
_2195_,6.72
_2302_,6.72
_2930_,6.72
_3341_,6.72
_3720_,6.72
_3729_,6.72
_3946_,6.72
net568,6.72
net781,6.72
net834,6.72
net880,6.72
net1000,6.72
net1049,6.72
_0320_,6.705
_0915_,6.705
_1008_,6.695
_0261_,6.685
_0458_,6.685
_0478_,6.685
_0484_,6.685
_0847_,6.685
_2915_,6.66
_3200_,6.66
_3347_,6.66
_3406_,6.66
_3679_,6.66
_0061_,6.645
_0192_,6.645
_0943_,6.645
_1346_,6.64
_1781_,6.64
_1825_,6.64
_1981_,6.64
_2791_,6.64
_2896_,6.64
_3273_,6.64
_3313_,6.64
_3552_,6.64
_3554_,6.64
_3650_,6.64
_4188_,6.64
net91,6.64
net707,6.64
net732,6.64
net1030,6.64
_0468_,6.625
_2550_,6.62
net256,6.62
net618,6.62
_1203_,6.6
_1207_,6.6
_1393_,6.6
_2403_,6.6
_2483_,6.6
_2604_,6.6
_3089_,6.6
_3234_,6.6
_3257_,6.6
_3321_,6.6
_3566_,6.6
_3662_,6.6
_3686_,6.6
_3709_,6.6
_3797_,6.6
_3818_,6.6
_3836_,6.6
_3941_,6.6
_4017_,6.6
_4103_,6.6
_4134_,6.6
_4227_,6.6
net253,6.6
net358,6.6
net425,6.6
net460,6.6
net599,6.6
net604,6.6
net815,6.6
net861,6.6
net1028,6.6
net1059,6.6
net1079,6.6
_4171_,6.58
_0014_,6.54
_0247_,6.54
net214,6.54
net457,6.54
net587,6.54
net1089,6.54
_2214_,6.52
net885,6.52
_1387_,6.5
_1821_,6.5
_1872_,6.5
_1899_,6.5
_2242_,6.5
net171,6.5
net249,6.5
net377,6.5
net452,6.5
net743,6.5
net357,6.48
_0866_,6.475
_0106_,6.465
_1421_,6.46
_1607_,6.46
net133,6.46
net351,6.46
net318,6.44
net325,6.44
net773,6.44
net793,6.44
_0141_,6.425
_0479_,6.425
_0872_,6.425
_1856_,6.42
RF.reg_arr\[0\]\[6\],6.4
_2356_,6.4
net663,6.4
net855,6.38
_0024_,6.365
_0248_,6.365
_0265_,6.365
_0408_,6.365
_0616_,6.365
_0637_,6.365
_0685_,6.365
_0708_,6.365
_0713_,6.365
_0791_,6.365
_0806_,6.365
net255,6.36
_0090_,6.345
_1177_,6.32
_1534_,6.32
_1824_,6.31
_0074_,6.305
_1615_,6.3
_3339_,6.3
_3699_,6.3
_3924_,6.3
_4032_,6.3
_4144_,6.3
_4191_,6.3
_4217_,6.3
net407,6.3
net638,6.3
net702,6.3
net787,6.3
net923,6.3
net952,6.3
_2357_,6.28
net285,6.28
_0730_,6.265
_1320_,6.26
_1456_,6.26
_1805_,6.26
_2141_,6.26
_2402_,6.26
_2427_,6.26
_2473_,6.26
_2692_,6.26
_3036_,6.26
_3087_,6.26
_3095_,6.26
_3187_,6.26
_3348_,6.26
_3444_,6.26
_3550_,6.26
_3651_,6.26
_3658_,6.26
_3856_,6.26
_3966_,6.26
_4089_,6.26
_4169_,6.26
net116,6.26
net545,6.26
net759,6.26
net788,6.26
net801,6.26
net1093,6.26
net1100,6.26
_1234_,6.255
_0917_,6.245
_0008_,6.225
_0177_,6.225
_0486_,6.225
_0548_,6.225
_0657_,6.225
_0658_,6.225
_0952_,6.225
_1019_,6.225
_3547_,6.22
_3226_,6.2
_3276_,6.2
_3501_,6.2
_3628_,6.2
_3795_,6.2
_3875_,6.2
_0753_,6.185
_1452_,6.18
_2566_,6.18
_2811_,6.18
_2830_,6.18
_2910_,6.18
_3053_,6.18
_3529_,6.18
_3592_,6.18
_3801_,6.18
_3833_,6.18
_3953_,6.18
_4039_,6.18
_4058_,6.18
net182,6.18
net187,6.18
net242,6.18
net382,6.18
net480,6.18
_0226_,6.165
_0455_,6.165
_0558_,6.165
_1966_,6.16
_1372_,6.14
_1989_,6.14
_2069_,6.14
_2185_,6.14
_3083_,6.14
_3167_,6.14
_3188_,6.14
_3260_,6.14
_3296_,6.14
_3322_,6.14
_3376_,6.14
_3408_,6.14
_3595_,6.14
_3780_,6.14
_3808_,6.14
_3832_,6.14
_3878_,6.14
_3902_,6.14
_3976_,6.14
_4090_,6.14
_4119_,6.14
_4161_,6.14
net271,6.14
net287,6.14
net373,6.14
net398,6.14
net538,6.14
net556,6.14
net620,6.14
net632,6.14
net690,6.14
net711,6.14
net746,6.14
net789,6.14
net921,6.14
_2657_,6.115
_0219_,6.105
_0108_,6.1
_0296_,6.1
_0311_,6.1
_1013_,6.1
_1355_,6.08
_1732_,6.08
net367,6.08
net539,6.08
net646,6.08
net795,6.08
net905,6.08
_1108_,6.06
_1277_,6.06
_2212_,6.06
_2761_,6.06
_2934_,6.06
_3151_,6.06
_4131_,6.06
_1543_,6.04
net248,6.04
net254,6.04
net496,6.04
net506,6.04
net770,6.04
net899,6.04
net915,6.04
net334,6.02
net344,6.02
net535,6.02
_0955_,6.005
_1016_,6.005
_1838_,6
_0587_,5.985
_1495_,5.98
net303,5.98
net462,5.98
_0033_,5.965
_0211_,5.965
_0750_,5.965
_0884_,5.965
_1933_,5.965
_1048_,5.96
_1154_,5.95
_0765_,5.945
_2085_,5.94
_2496_,5.94
net127,5.94
net950,5.94
net1125,5.94
_0869_,5.935
net298,5.92
net726,5.92
net953,5.92
_0312_,5.905
net111,5.9
_0085_,5.895
_0107_,5.895
_0977_,5.885
_1080_,5.84
_1639_,5.84
_1650_,5.84
_2472_,5.84
_2675_,5.84
_2927_,5.84
_2943_,5.84
_2960_,5.84
_3191_,5.84
_3302_,5.84
_3353_,5.84
_3528_,5.84
_3530_,5.84
_3747_,5.84
_3759_,5.84
_4170_,5.84
_4219_,5.84
_4220_,5.84
net717,5.84
net832,5.84
net874,5.84
net1008,5.84
net1071,5.84
_1366_,5.82
_2454_,5.82
_3081_,5.82
net403,5.82
net445,5.82
_0317_,5.805
_1574_,5.8
_2010_,5.8
_2113_,5.8
_3085_,5.8
_3129_,5.8
_3161_,5.8
_3205_,5.8
_3245_,5.8
_3266_,5.8
_3336_,5.8
_3492_,5.8
_3494_,5.8
_3673_,5.8
_3757_,5.8
_3859_,5.8
_3927_,5.8
_3934_,5.8
_4006_,5.8
_4070_,5.8
_4143_,5.8
_4156_,5.8
_4186_,5.8
net120,5.8
net512,5.8
net608,5.8
net1007,5.8
net1080,5.8
_0038_,5.765
_0042_,5.765
_0404_,5.765
_0583_,5.765
_0780_,5.765
_0982_,5.765
_2311_,5.74
_3015_,5.74
_3112_,5.74
_3186_,5.74
_3213_,5.74
_3361_,5.74
_3664_,5.74
_3706_,5.74
_3864_,5.74
_4199_,5.74
_0110_,5.725
_0798_,5.725
_1047_,5.72
_2109_,5.72
_2317_,5.72
_2869_,5.72
_3011_,5.72
_3300_,5.72
_3333_,5.72
_3527_,5.72
_3559_,5.72
_3601_,5.72
_3680_,5.72
_3743_,5.72
_3822_,5.72
_3830_,5.72
_3851_,5.72
_3960_,5.72
_4033_,5.72
_4061_,5.72
_4100_,5.72
_4179_,5.72
_4195_,5.72
net263,5.72
net475,5.72
net504,5.72
net886,5.72
_0343_,5.705
_0604_,5.705
_0755_,5.7
_2766_,5.7
_1239_,5.68
_1344_,5.68
_2965_,5.68
_3163_,5.68
_3169_,5.68
_3180_,5.68
_3219_,5.68
_3334_,5.68
_3441_,5.68
_3451_,5.68
_3503_,5.68
_3536_,5.68
_3614_,5.68
_3648_,5.68
_3674_,5.68
_3692_,5.68
_3701_,5.68
_3854_,5.68
_3865_,5.68
_3954_,5.68
_3963_,5.68
_3983_,5.68
_4000_,5.68
_4034_,5.68
_4048_,5.68
_4079_,5.68
_4106_,5.68
_4116_,5.68
_4167_,5.68
_4168_,5.68
_4187_,5.68
net99,5.68
net181,5.68
net290,5.68
net359,5.68
net464,5.68
net623,5.68
net774,5.68
net876,5.68
_0592_,5.645
_0696_,5.645
_0721_,5.645
_0370_,5.62
_0411_,5.62
_0536_,5.62
net136,5.62
net258,5.62
net333,5.62
net375,5.62
net728,5.62
net782,5.62
net1083,5.62
net1092,5.62
net1102,5.62
_2152_,5.61
_0246_,5.605
_1002_,5.605
net327,5.6
net470,5.6
net499,5.6
net931,5.6
_0641_,5.58
_0824_,5.58
_1840_,5.58
_2288_,5.58
_2599_,5.58
_3917_,5.58
net140,5.58
net251,5.58
net273,5.58
net291,5.58
net307,5.58
net465,5.58
net532,5.58
net664,5.58
net724,5.58
net742,5.58
net780,5.58
net869,5.58
net988,5.58
net999,5.58
net1051,5.58
net1087,5.58
_2848_,5.565
_2639_,5.56
_0936_,5.545
_1482_,5.52
_2360_,5.52
_2787_,5.52
net240,5.52
net686,5.52
net798,5.52
net823,5.52
net1105,5.52
_0845_,5.505
_0095_,5.5
_0199_,5.5
_0737_,5.5
_2886_,5.5
_2591_,5.48
_0691_,5.475
_0751_,5.475
_0800_,5.475
_0909_,5.465
_1197_,5.46
_1922_,5.46
net477,5.46
net730,5.46
_0367_,5.445
_0555_,5.435
_0385_,5.425
_0752_,5.425
_1647_,5.4
_2497_,5.4
_1218_,5.39
_1364_,5.38
_1431_,5.38
_1548_,5.38
_2607_,5.38
_2682_,5.38
_3068_,5.38
_3212_,5.38
_3214_,5.38
_3453_,5.38
_3455_,5.38
_3475_,5.38
_3483_,5.38
_3613_,5.38
_3708_,5.38
_3742_,5.38
_3796_,5.38
_3805_,5.38
_3999_,5.38
_4064_,5.38
_4083_,5.38
net117,5.38
net387,5.38
net653,5.38
net694,5.38
net727,5.38
net812,5.38
net859,5.38
_2390_,5.36
_3050_,5.36
net611,5.36
_0234_,5.355
_0255_,5.345
_0488_,5.345
_0778_,5.345
_0959_,5.345
_1399_,5.34
_1413_,5.34
_1519_,5.34
_1566_,5.34
_1578_,5.34
_2733_,5.34
_3017_,5.34
_3093_,5.34
_3131_,5.34
_3177_,5.34
_3201_,5.34
_3204_,5.34
_3215_,5.34
_3240_,5.34
_3263_,5.34
_3290_,5.34
_3432_,5.34
_3442_,5.34
_3524_,5.34
_3633_,5.34
_3683_,5.34
_3722_,5.34
_3772_,5.34
_3778_,5.34
_3816_,5.34
_3853_,5.34
_3887_,5.34
_3892_,5.34
_3956_,5.34
_3986_,5.34
_4015_,5.34
_4020_,5.34
_4045_,5.34
_4121_,5.34
_4135_,5.34
_4193_,5.34
_4200_,5.34
_4218_,5.34
_4223_,5.34
net380,5.34
net865,5.34
net1041,5.34
_0974_,5.315
_0006_,5.305
_0303_,5.305
_0578_,5.305
_0618_,5.305
_0795_,5.305
_1755_,5.3
_0608_,5.28
_1204_,5.28
_2061_,5.28
_2989_,5.28
_3400_,5.28
_3436_,5.28
_3443_,5.28
_3574_,5.28
_3620_,5.28
_3919_,5.28
_0147_,5.265
_0301_,5.265
_0364_,5.265
_0469_,5.265
_0511_,5.265
_0586_,5.265
_0606_,5.265
_0861_,5.265
_1536_,5.26
_1747_,5.26
_1907_,5.26
_2174_,5.26
_2339_,5.26
_3005_,5.26
_3064_,5.26
_3125_,5.26
_3145_,5.26
_3150_,5.26
_3206_,5.26
_3350_,5.26
_3374_,5.26
_3421_,5.26
_3440_,5.26
_3565_,5.26
_3631_,5.26
_3794_,5.26
_3829_,5.26
_3855_,5.26
_3867_,5.26
_3929_,5.26
_3947_,5.26
_4076_,5.26
net106,5.26
net280,5.26
net289,5.26
net372,5.26
net381,5.26
net486,5.26
net490,5.26
net492,5.26
net649,5.26
net675,5.26
net822,5.26
net890,5.26
_0986_,5.245
_0474_,5.24
_0544_,5.24
_2019_,5.24
_0530_,5.235
_1769_,5.22
_2105_,5.22
_2108_,5.22
_2208_,5.22
_2728_,5.22
_2911_,5.22
_2956_,5.22
_2966_,5.22
_3297_,5.22
_3323_,5.22
_3331_,5.22
_3417_,5.22
_3458_,5.22
_3478_,5.22
_3504_,5.22
_3670_,5.22
_3685_,5.22
_3711_,5.22
_3770_,5.22
_3828_,5.22
_3837_,5.22
_3858_,5.22
_3872_,5.22
_3903_,5.22
_4012_,5.22
_4027_,5.22
_4031_,5.22
_4073_,5.22
_4080_,5.22
_4182_,5.22
net175,5.22
net268,5.22
net269,5.22
net336,5.22
net513,5.22
net586,5.22
_0853_,5.215
_2855_,5.19
_0914_,5.185
_0973_,5.165
_0222_,5.16
_0294_,5.16
_0338_,5.16
_0415_,5.16
_0438_,5.16
_0451_,5.16
_0854_,5.16
_1139_,5.16
_1407_,5.16
net412,5.16
net467,5.16
net484,5.16
net621,5.16
net755,5.16
net764,5.16
net818,5.16
net922,5.16
net1026,5.16
net1031,5.16
net1032,5.16
_0597_,5.145
_1720_,5.14
_2080_,5.14
_2889_,5.14
_3164_,5.14
_3918_,5.14
_3964_,5.14
net230,5.14
net585,5.14
_1918_,5.12
net142,5.12
net188,5.12
net343,5.12
net390,5.12
net564,5.12
net734,5.12
net804,5.12
net847,5.12
net904,5.12
net925,5.12
net927,5.12
_0176_,5.095
_0185_,5.095
_0236_,5.095
_0291_,5.095
_0399_,5.095
_0446_,5.095
_0565_,5.095
_0646_,5.095
_0076_,5.085
_0102_,5.085
_0153_,5.085
_0483_,5.085
_0669_,5.085
_0699_,5.085
_0717_,5.085
_0930_,5.085
_1000_,5.085
_1009_,5.085
_1685_,5.06
_2146_,5.06
_2180_,5.06
_2775_,5.06
net129,5.06
net429,5.06
net828,5.06
net1036,5.06
_0513_,5.045
_0525_,5.045
_0757_,5.045
_0933_,5.045
net96,5.04
net236,5.04
net888,5.04
_1813_,5.02
_2391_,5.02
net428,5.02
_0094_,5.005
_2033_,5.005
_1414_,5
_1541_,5
_0466_,4.975
_0522_,4.975
_2135_,4.975
_0394_,4.965
_0528_,4.965
_2149_,4.94
_2514_,4.94
_2810_,4.94
_2891_,4.94
_1031_,4.92
_1310_,4.92
_1374_,4.92
_1462_,4.92
_1740_,4.92
_1853_,4.92
_2102_,4.92
_2702_,4.92
_2918_,4.92
_3051_,4.92
_3199_,4.92
_3382_,4.92
_3439_,4.92
_3563_,4.92
_3696_,4.92
_3817_,4.92
_3931_,4.92
_3932_,4.92
_3940_,4.92
_4036_,4.92
_4074_,4.92
_4165_,4.92
_4234_,4.92
net459,4.92
net739,4.92
net811,4.92
net898,4.92
_2081_,4.9
_2363_,4.9
_0741_,4.895
_0375_,4.885
_0428_,4.885
_1539_,4.88
_1916_,4.88
_2047_,4.88
_2247_,4.88
_2887_,4.88
_3041_,4.88
_3106_,4.88
_3162_,4.88
_3236_,4.88
_3369_,4.88
_3427_,4.88
_3479_,4.88
_3514_,4.88
_3516_,4.88
_3590_,4.88
_3638_,4.88
_3760_,4.88
_3765_,4.88
_3785_,4.88
_3845_,4.88
_3888_,4.88
_3987_,4.88
_3990_,4.88
_3991_,4.88
_4028_,4.88
_4091_,4.88
_4092_,4.88
_4117_,4.88
_4155_,4.88
_4158_,4.88
_4228_,4.88
net469,4.88
net483,4.88
net546,4.88
net594,4.88
net633,4.88
net679,4.88
net783,4.88
net790,4.88
net829,4.88
net870,4.88
net910,4.88
net945,4.88
net1016,4.88
_0843_,4.865
_0004_,4.845
_0140_,4.845
_0321_,4.845
_0382_,4.845
_0396_,4.845
_0552_,4.845
_0705_,4.845
_0928_,4.845
_2042_,4.82
_2532_,4.82
_2903_,4.82
_3480_,4.82
_3970_,4.82
_4157_,4.82
net600,4.82
_0178_,4.805
_0259_,4.805
_0635_,4.805
_1085_,4.8
_1243_,4.8
_2223_,4.8
_2346_,4.8
_2690_,4.8
_2703_,4.8
_2866_,4.8
_3028_,4.8
_3128_,4.8
_3143_,4.8
_3293_,4.8
_3367_,4.8
_3549_,4.8
_3640_,4.8
_3671_,4.8
_3681_,4.8
_3682_,4.8
_3744_,4.8
_3831_,4.8
_3894_,4.8
_3989_,4.8
_3995_,4.8
_4081_,4.8
_4128_,4.8
_4146_,4.8
net159,4.8
net161,4.8
net266,4.8
net305,4.8
net355,4.8
net356,4.8
net362,4.8
net386,4.8
net541,4.8
net629,4.8
net762,4.8
net1040,4.8
_0390_,4.795
_1449_,4.79
_2394_,4.78
_2888_,4.78
_1096_,4.76
_1345_,4.76
_1370_,4.76
_1563_,4.76
_2127_,4.76
_2860_,4.76
_3116_,4.76
_3136_,4.76
_3153_,4.76
_3185_,4.76
_3198_,4.76
_3308_,4.76
_3522_,4.76
_3588_,4.76
_3746_,4.76
_3786_,4.76
_3882_,4.76
_3909_,4.76
_3913_,4.76
_3951_,4.76
_4004_,4.76
_4049_,4.76
_4095_,4.76
_4178_,4.76
_4201_,4.76
net330,4.76
net508,4.76
net666,4.76
_0621_,4.755
_0904_,4.755
_0910_,4.745
_0313_,4.725
_0077_,4.7
_0109_,4.7
_0287_,4.7
_1123_,4.7
_2856_,4.7
net190,4.7
net192,4.7
net194,4.7
net347,4.7
net384,4.7
net392,4.7
net451,4.7
net575,4.7
net627,4.7
net777,4.7
net884,4.7
net940,4.7
net1003,4.7
net1099,4.7
net1109,4.7
_2187_,4.69
_3354_,4.68
net317,4.68
net544,4.68
net713,4.68
_1125_,4.66
_1220_,4.66
_1938_,4.66
_2172_,4.66
_2189_,4.66
_2783_,4.66
net176,4.66
net189,4.66
net217,4.66
net250,4.66
net331,4.66
net369,4.66
net520,4.66
net745,4.66
net827,4.66
net920,4.66
net929,4.66
net935,4.66
net948,4.66
net951,4.66
net1058,4.66
net1077,4.66
net1088,4.66
net1120,4.66
_0772_,4.635
_0103_,4.625
_0218_,4.625
_0231_,4.625
_0371_,4.625
_0495_,4.625
_0656_,4.625
_0720_,4.625
_0942_,4.625
_0002_,4.605
_0087_,4.605
_1658_,4.6
_1770_,4.6
_2211_,4.6
net141,4.6
net561,4.6
_0235_,4.585
_0362_,4.585
_0439_,4.585
_0550_,4.585
_0690_,4.585
_0925_,4.585
_2469_,4.58
_1698_,4.56
_2218_,4.56
_2668_,4.56
_2678_,4.56
_2868_,4.56
net92,4.56
net1094,4.56
_0189_,4.555
_2091_,4.54
_2464_,4.54
net1029,4.54
_0348_,4.525
_0282_,4.505
_0302_,4.505
_0347_,4.505
_2651_,4.48
_2711_,4.48
_2767_,4.48
_2824_,4.48
_2838_,4.48
_1254_,4.46
_1476_,4.46
_1729_,4.46
_1746_,4.46
_1791_,4.46
_1967_,4.46
_2117_,4.46
_2178_,4.46
_2457_,4.46
_2731_,4.46
_2744_,4.46
_2815_,4.46
_3076_,4.46
_3294_,4.46
_3364_,4.46
_3372_,4.46
_3562_,4.46
_3661_,4.46
_3874_,4.46
_3945_,4.46
_4098_,4.46
net208,4.46
net371,4.46
net405,4.46
net680,4.46
net825,4.46
net946,4.46
net955,4.46
net980,4.46
net1033,4.46
net1038,4.46
net1108,4.46
_0316_,4.425
_0430_,4.425
_0661_,4.425
_0833_,4.425
_0836_,4.425
_1318_,4.42
_1340_,4.42
_3242_,4.42
_3244_,4.42
_3253_,4.42
_3255_,4.42
_3274_,4.42
_3309_,4.42
_3335_,4.42
_3452_,4.42
_3454_,4.42
_3464_,4.42
_3567_,4.42
_3570_,4.42
_3575_,4.42
_3783_,4.42
_3784_,4.42
_3915_,4.42
_3949_,4.42
_4112_,4.42
_4141_,4.42
_4164_,4.42
_4176_,4.42
_4190_,4.42
net858,4.42
net968,4.42
net1048,4.42
net1060,4.42
net1095,4.42
_0091_,4.385
_0229_,4.385
_0403_,4.385
_0423_,4.385
_0435_,4.385
_0539_,4.385
_0688_,4.385
_0879_,4.385
_0961_,4.385
_1089_,4.36
_2925_,4.36
_2946_,4.36
_3132_,4.36
_3509_,4.36
_3604_,4.36
_3955_,4.36
_4059_,4.36
_4148_,4.36
_4162_,4.36
_1170_,4.34
_1348_,4.34
_1545_,4.34
_1879_,4.34
_2256_,4.34
_2277_,4.34
_2923_,4.34
_3074_,4.34
_3209_,4.34
_3691_,4.34
_3753_,4.34
_3754_,4.34
_3791_,4.34
_4153_,4.34
_4159_,4.34
_4175_,4.34
_4189_,4.34
net126,4.34
net134,4.34
net202,4.34
net232,4.34
net449,4.34
net684,4.34
net704,4.34
net879,4.34
net966,4.34
net1010,4.34
_0574_,4.335
_0262_,4.325
_0908_,4.325
_2388_,4.32
_4105_,4.32
_0158_,4.295
_0337_,4.295
_0892_,4.295
_0131_,4.265
_0239_,4.265
_0422_,4.265
_1004_,4.265
_0165_,4.26
_0848_,4.245
_1522_,4.24
_1764_,4.24
_1887_,4.24
_1993_,4.24
_2280_,4.24
net197,4.24
net213,4.24
net228,4.24
net346,4.24
net360,4.24
net370,4.24
net458,4.24
net527,4.24
net590,4.24
net601,4.24
net660,4.24
net695,4.24
net767,4.24
net791,4.24
net820,4.24
net863,4.24
net887,4.24
net1055,4.24
net1070,4.24
_1307_,4.22
_1468_,4.22
_2370_,4.22
_2501_,4.22
_2967_,4.22
_3052_,4.22
_3310_,4.22
net86,4.22
net155,4.22
net570,4.22
_0307_,4.215
_1978_,4.2
_1987_,4.2
_2054_,4.2
_2151_,4.2
_2422_,4.2
_2721_,4.2
net167,4.2
net168,4.2
net173,4.2
net383,4.2
net423,4.2
net491,4.2
net650,4.2
net842,4.2
net845,4.2
net875,4.2
net897,4.2
net1039,4.2
_0073_,4.165
_0156_,4.165
_0167_,4.165
_0245_,4.165
_0472_,4.165
_0489_,4.165
_0712_,4.165
_0934_,4.165
_0568_,4.145
_0997_,4.145
_1484_,4.14
_1521_,4.14
_1660_,4.14
_2935_,4.14
net756,4.14
net844,4.14
_0063_,4.125
_0389_,4.125
_0078_,4.12
_0180_,4.12
_2132_,4.12
net146,4.12
net363,4.12
net397,4.12
net536,4.12
_1390_,4.1
_1707_,4.1
_1794_,4.1
_1131_,4.08
_0036_,4.065
_0332_,4.065
_0144_,4.045
_0360_,4.045
_0652_,4.045
_1944_,4.02
_2752_,4.02
net853,4.02
_1354_,4
_1631_,4
_1657_,4
_1709_,4
_2076_,4
_2119_,4
_2336_,4
_2826_,4
_2941_,4
_2993_,4
_3149_,4
_3237_,4
_3249_,4
_3356_,4
_3474_,4
_3499_,4
_3544_,4
_3626_,4
_3847_,4
_3911_,4
_3914_,4
_4063_,4
_4184_,4
net420,4
net749,4
_1525_,3.98
_2650_,3.98
_0582_,3.975
_0020_,3.965
_0775_,3.965
_0898_,3.965
_0983_,3.955
_0029_,3.925
_0059_,3.925
_0071_,3.925
_0164_,3.925
_0400_,3.925
_0496_,3.925
_0651_,3.925
_0654_,3.925
_0692_,3.925
_0698_,3.925
_0773_,3.925
_0813_,3.925
_0981_,3.925
_0994_,3.925
_3173_,3.9
_3202_,3.9
_3324_,3.9
_3362_,3.9
_3378_,3.9
_3473_,3.9
_3669_,3.9
_3724_,3.9
_3952_,3.9
_4057_,3.9
_4215_,3.9
net430,3.9
_1375_,3.88
_1510_,3.88
_1528_,3.88
_1532_,3.88
_2318_,3.88
_2412_,3.88
_2419_,3.88
_2553_,3.88
_2644_,3.88
_3279_,3.88
_3288_,3.88
_3365_,3.88
_3477_,3.88
_3487_,3.88
_3598_,3.88
_3653_,3.88
_3787_,3.88
_3826_,3.88
_3876_,3.88
_3935_,3.88
_3967_,3.88
_4111_,3.88
_4154_,3.88
_4194_,3.88
net139,3.88
net244,3.88
net354,3.88
net636,3.88
net652,3.88
net654,3.88
net665,3.88
net678,3.88
net991,3.88
_2708_,3.83
_0007_,3.8
_0215_,3.8
_0072_,3.785
_0277_,3.785
_0171_,3.78
_0256_,3.78
_0502_,3.78
_0841_,3.78
_0874_,3.78
_1001_,3.78
_1058_,3.78
_1721_,3.78
_1951_,3.78
_2129_,3.78
_2215_,3.78
net152,3.78
net340,3.78
net434,3.78
net488,3.78
net533,3.78
net605,3.78
net670,3.78
net683,3.78
net691,3.78
net693,3.78
net896,3.78
net1047,3.78
net1074,3.78
net1086,3.78
_2456_,3.76
net516,3.76
_1826_,3.74
_1982_,3.74
_2305_,3.74
net219,3.74
net598,3.74
net640,3.74
net826,3.74
net830,3.74
net913,3.74
_0017_,3.705
_0027_,3.705
_0068_,3.705
_0123_,3.705
_0195_,3.705
_0242_,3.705
_0811_,3.705
_0922_,3.705
_0815_,3.685
_1211_,3.68
_1313_,3.68
_1876_,3.68
_2795_,3.68
_2825_,3.68
net583,3.68
net610,3.68
net676,3.68
net692,3.68
net797,3.68
net1054,3.68
_1232_,3.66
net212,3.66
net854,3.66
_1867_,3.64
_1985_,3.64
_2329_,3.64
_2954_,3.64
net928,3.64
_0118_,3.625
_0770_,3.625
_0885_,3.605
_0745_,3.585
_2354_,3.56
_2904_,3.56
_1395_,3.54
_1403_,3.54
_1571_,3.54
_1714_,3.54
_2173_,3.54
_2260_,3.54
_2314_,3.54
_2325_,3.54
_2349_,3.54
_2576_,3.54
_2676_,3.54
_2991_,3.54
_3210_,3.54
_3317_,3.54
_3327_,3.54
_3370_,3.54
_3560_,3.54
_3579_,3.54
_3857_,3.54
_3907_,3.54
_3985_,3.54
_4046_,3.54
_4055_,3.54
_4099_,3.54
_4123_,3.54
_4180_,3.54
_4197_,3.54
net102,3.54
net124,3.54
net315,3.54
net341,3.54
net558,3.54
net634,3.54
net944,3.54
net958,3.54
net973,3.54
net975,3.54
net1090,3.54
net1023,3.52
_0214_,3.505
_0694_,3.505
_0729_,3.505
_0747_,3.505
_0763_,3.505
_0828_,3.505
_0923_,3.505
_0674_,3.485
_0111_,3.465
_0151_,3.465
_0272_,3.465
_0331_,3.465
_0353_,3.465
_0429_,3.465
_0508_,3.465
_0524_,3.465
_0573_,3.465
_0584_,3.465
_0600_,3.465
_0638_,3.465
_0714_,3.465
_0810_,3.465
_0850_,3.465
_0857_,3.465
_2519_,3.44
_3024_,3.44
_3298_,3.44
_3303_,3.44
_3425_,3.44
_3654_,3.44
_3684_,3.44
_3782_,3.44
_4010_,3.44
_1035_,3.42
_1122_,3.42
_2139_,3.42
_2156_,3.42
_2162_,3.42
_2252_,3.42
_2710_,3.42
_2882_,3.42
_3007_,3.42
_3026_,3.42
_3170_,3.42
_3184_,3.42
_3301_,3.42
_3394_,3.42
_3438_,3.42
_3515_,3.42
_3578_,3.42
_3625_,3.42
_3974_,3.42
_4002_,3.42
net90,3.42
net160,3.42
net205,3.42
net286,3.42
net292,3.42
net295,3.42
net306,3.42
net456,3.42
_0482_,3.405
_0990_,3.405
_0444_,3.345
_0505_,3.345
_0514_,3.345
_0710_,3.345
_0916_,3.345
_0968_,3.345
_0105_,3.32
_0443_,3.32
_0459_,3.32
_0509_,3.32
_0521_,3.32
_0601_,3.32
_0859_,3.32
_0871_,3.32
_0913_,3.32
_1037_,3.32
_1689_,3.32
_1797_,3.32
_1904_,3.32
_2053_,3.32
_2106_,3.32
net137,3.32
net198,3.32
net234,3.32
net337,3.32
net500,3.32
net563,3.32
net597,3.32
net644,3.32
net685,3.32
net1046,3.32
net1113,3.32
net1118,3.32
_1466_,3.3
_1758_,3.3
_2188_,3.3
_2397_,3.3
_2779_,3.3
_3048_,3.3
net332,3.3
net682,3.3
_0048_,3.245
_0243_,3.245
_0289_,3.245
_0386_,3.245
_0491_,3.245
_0623_,3.245
_0743_,3.245
_0761_,3.245
_0816_,3.245
_0960_,3.245
_1022_,3.245
_0089_,3.225
_0274_,3.225
_0304_,3.225
_0463_,3.225
_0639_,3.225
_1097_,3.22
_1191_,3.22
_2745_,3.22
net104,3.22
net148,3.22
net231,3.22
net281,3.22
net635,3.22
net641,3.22
net658,3.22
net659,3.22
net710,3.22
net733,3.22
net848,3.22
net883,3.22
net889,3.22
net956,3.22
net964,3.22
net1056,3.22
net1063,3.22
net1116,3.22
net1119,3.22
net85,3.2
net979,3.2
_2082_,3.18
_2620_,3.18
_0025_,3.175
_0115_,3.175
_0515_,3.175
_0529_,3.175
_0839_,3.165
_0201_,3.145
_0228_,3.145
_0561_,3.145
_0893_,3.145
_0230_,3.125
_0675_,3.125
_0585_,3.105
_1195_,3.1
_1242_,3.1
_2093_,3.1
_2691_,3.1
_2952_,3.09
_1283_,3.08
_1478_,3.08
_1691_,3.08
_2041_,3.08
_2071_,3.08
_2321_,3.08
_2335_,3.08
_2451_,3.08
_2478_,3.08
_2513_,3.08
_2584_,3.08
_2641_,3.08
_2880_,3.08
_3013_,3.08
_3146_,3.08
_3178_,3.08
_3223_,3.08
_3320_,3.08
_3423_,3.08
_3596_,3.08
_3637_,3.08
_3827_,3.08
_3841_,3.08
_3928_,3.08
_4129_,3.08
net399,3.08
net559,3.08
net596,3.08
net769,3.08
net1021,3.08
_0064_,3.055
_0157_,3.055
_0175_,3.045
_0254_,3.045
_0457_,3.045
_0145_,3.005
_0155_,3.005
_0395_,3.005
_0405_,3.005
_0461_,3.005
_0507_,3.005
_0596_,3.005
_0738_,3.005
_0759_,3.005
_0860_,3.005
_0862_,3.005
_0867_,2.98
_1632_,2.98
_2077_,2.98
_2377_,2.98
_2985_,2.98
_3062_,2.98
_3097_,2.98
_3120_,2.98
_3193_,2.98
_3227_,2.98
_3572_,2.98
_3764_,2.98
_3815_,2.98
_3978_,2.98
_4084_,2.98
_4133_,2.98
_1157_,2.96
_1361_,2.96
_1445_,2.96
_1724_,2.96
_1817_,2.96
_2013_,2.96
_2333_,2.96
_2530_,2.96
_2635_,2.96
_2681_,2.96
_2713_,2.96
_2847_,2.96
_3147_,2.96
_3197_,2.96
_3248_,2.96
_3337_,2.96
_3589_,2.96
_3617_,2.96
_3687_,2.96
_3719_,2.96
_3736_,2.96
_3984_,2.96
_3992_,2.96
_4021_,2.96
_4104_,2.96
_4126_,2.96
net123,2.96
net215,2.96
net275,2.96
net276,2.96
net284,2.96
net395,2.96
net468,2.96
net574,2.96
net1097,2.96
_0887_,2.955
_0056_,2.945
_0416_,2.945
_0040_,2.885
_0112_,2.885
_0126_,2.885
_0186_,2.885
_0642_,2.885
_0896_,2.885
_1015_,2.885
_0366_,2.88
_0554_,2.88
_0620_,2.88
_0766_,2.88
_0057_,2.86
_0080_,2.86
_0173_,2.86
_0213_,2.86
_0300_,2.86
_0308_,2.86
_0342_,2.86
_0517_,2.86
_0526_,2.86
_0527_,2.86
_0538_,2.86
_0559_,2.86
_0672_,2.86
_0709_,2.86
_0802_,2.86
_0830_,2.86
_0888_,2.86
_0921_,2.86
_0951_,2.86
_1391_,2.86
_1761_,2.86
_1780_,2.86
_1896_,2.86
net157,2.86
net426,2.86
net461,2.86
net609,2.86
net661,2.86
net776,2.86
net824,2.86
net833,2.86
net878,2.86
net907,2.86
net962,2.86
net971,2.86
net976,2.86
net978,2.86
net993,2.86
_1645_,2.84
net415,2.84
_0421_,2.835
_0882_,2.835
_0891_,2.835
_0039_,2.785
_0049_,2.785
_0096_,2.785
_0098_,2.785
_0101_,2.785
_0202_,2.785
_0260_,2.785
_0269_,2.785
_0376_,2.785
_0377_,2.785
_0393_,2.785
_0412_,2.785
_0442_,2.785
_0447_,2.785
_0481_,2.785
_0531_,2.785
_0610_,2.785
_0719_,2.785
_0726_,2.785
_0731_,2.785
_0732_,2.785
_0783_,2.785
_0835_,2.785
_0946_,2.785
_1156_,2.76
_1236_,2.76
_1749_,2.76
_1750_,2.76
_2267_,2.76
_2494_,2.76
_2827_,2.76
net107,2.76
net246,2.76
net260,2.76
net274,2.76
net345,2.76
net402,2.76
net511,2.76
net662,2.76
net677,2.76
net718,2.76
net725,2.76
net731,2.76
net758,2.76
net792,2.76
net800,2.76
net805,2.76
net816,2.76
net831,2.76
net857,2.76
net864,2.76
net866,2.76
net901,2.76
net909,2.76
net941,2.76
net949,2.76
net969,2.76
net972,2.76
net982,2.76
net1004,2.76
net1014,2.76
net1068,2.76
net1075,2.76
net1091,2.76
net1096,2.76
net1104,2.76
net1107,2.76
net1111,2.76
_1241_,2.74
_2246_,2.74
_0476_,2.735
_0035_,2.715
_0062_,2.715
_0070_,2.715
_0082_,2.715
_0104_,2.715
_0129_,2.715
_0142_,2.715
_0233_,2.715
_0339_,2.715
_0471_,2.715
_0598_,2.715
_0701_,2.715
_0702_,2.715
_0727_,2.715
_0749_,2.715
_0805_,2.715
_0873_,2.715
_0920_,2.715
_0949_,2.715
_1012_,2.715
_0046_,2.705
_0055_,2.705
_0182_,2.705
_0614_,2.705
_0788_,2.705
_0792_,2.705
_0819_,2.705
_0897_,2.705
_2739_,2.69
_1146_,2.64
_1149_,2.64
_2448_,2.64
_2598_,2.64
_2940_,2.64
_1265_,2.62
_1365_,2.62
_1427_,2.62
_1822_,2.62
_2095_,2.62
_2210_,2.62
_2282_,2.62
_2304_,2.62
_2701_,2.62
_2929_,2.62
_2961_,2.62
_3045_,2.62
_3144_,2.62
_3312_,2.62
_3731_,2.62
_3870_,2.62
_4042_,2.62
_4085_,2.62
_4140_,2.62
_4229_,2.62
net118,2.62
net479,2.62
net912,2.62
net997,2.62
net1053,2.62
_0045_,2.595
_0084_,2.595
_0355_,2.595
_0359_,2.595
_0453_,2.595
_0613_,2.595
_1005_,2.595
_0026_,2.585
_0971_,2.585
_2999_,2.58
_0030_,2.545
_0099_,2.545
_0119_,2.545
_0127_,2.545
_0191_,2.545
_0200_,2.545
_0207_,2.545
_0252_,2.545
_0283_,2.545
_0286_,2.545
_0288_,2.545
_0290_,2.545
_0295_,2.545
_0384_,2.545
_0413_,2.545
_0450_,2.545
_0462_,2.545
_0470_,2.545
_0493_,2.545
_0506_,2.545
_0557_,2.545
_0607_,2.545
_0630_,2.545
_0631_,2.545
_0668_,2.545
_0706_,2.545
_0762_,2.545
_0771_,2.545
_0782_,2.545
_0817_,2.545
_0852_,2.545
_0856_,2.545
_0932_,2.545
_0945_,2.545
_0969_,2.545
_1007_,2.545
_0043_,2.52
_1267_,2.52
_1292_,2.52
_2273_,2.52
_2842_,2.52
_2987_,2.52
_3124_,2.52
_3319_,2.52
_3340_,2.52
_3352_,2.52
_3463_,2.52
_3469_,2.52
_3482_,2.52
_3508_,2.52
_3647_,2.52
_3655_,2.52
_3734_,2.52
_3800_,2.52
_3869_,2.52
_3881_,2.52
_3893_,2.52
_3936_,2.52
_3968_,2.52
_3975_,2.52
_4014_,2.52
_4025_,2.52
_4107_,2.52
_4132_,2.52
_4209_,2.52
net529,2.52
net625,2.52
net785,2.52
_1064_,2.5
_1225_,2.5
_1249_,2.5
_1323_,2.5
_1381_,2.5
_1409_,2.5
_1411_,2.5
_1420_,2.5
_1711_,2.5
_1807_,2.5
_1996_,2.5
_2006_,2.5
_2059_,2.5
_2088_,2.5
_2269_,2.5
_2540_,2.5
_2719_,2.5
_2725_,2.5
_2774_,2.5
_2917_,2.5
_2944_,2.5
_2968_,2.5
_2981_,2.5
_3020_,2.5
_3034_,2.5
_3055_,2.5
_3078_,2.5
_3139_,2.5
_3168_,2.5
_3229_,2.5
_3233_,2.5
_3261_,2.5
_3359_,2.5
_3513_,2.5
_3540_,2.5
_3611_,2.5
_3623_,2.5
_3646_,2.5
_3710_,2.5
_3712_,2.5
_3898_,2.5
_3923_,2.5
_3942_,2.5
_3948_,2.5
_4001_,2.5
_4007_,2.5
_4122_,2.5
net450,2.5
net495,2.5
net534,2.5
net553,2.5
_0956_,2.495
_0122_,2.485
_0187_,2.485
_0232_,2.485
_0251_,2.485
_0268_,2.485
_0276_,2.485
_0293_,2.485
_0314_,2.485
_0319_,2.485
_0420_,2.485
_0436_,2.485
_0485_,2.485
_0545_,2.485
_0695_,2.485
_0865_,2.485
_0919_,2.485
_0980_,2.485
_0993_,2.485
_0996_,2.485
_0279_,2.425
_0349_,2.425
_0633_,2.425
_0650_,2.425
_0019_,2.42
_0023_,2.42
_0031_,2.42
_0086_,2.42
_0159_,2.42
_0266_,2.42
_0281_,2.42
_0329_,2.42
_0341_,2.42
_0388_,2.42
_0401_,2.42
_0427_,2.42
_0494_,2.42
_0523_,2.42
_0603_,2.42
_0649_,2.42
_0662_,2.42
_0684_,2.42
_0707_,2.42
_0716_,2.42
_0758_,2.42
_0796_,2.42
_0801_,2.42
_0807_,2.42
_0851_,2.42
_0855_,2.42
_1286_,2.4
_1311_,2.4
_1422_,2.4
_1686_,2.4
_1941_,2.4
_2444_,2.4
net166,2.4
net211,2.4
net264,2.4
net379,2.4
net441,2.4
net444,2.4
net472,2.4
net628,2.4
net642,2.4
net647,2.4
net657,2.4
net771,2.4
net786,2.4
net794,2.4
net803,2.4
net808,2.4
net856,2.4
net881,2.4
net900,2.4
net937,2.4
net965,2.4
net1011,2.4
net1020,2.4
net1024,2.4
_0174_,2.375
_0206_,2.375
_0273_,2.375
_0284_,2.375
_0299_,2.375
_0340_,2.375
_0351_,2.375
_0357_,2.375
_0409_,2.375
_0418_,2.375
_0433_,2.375
_0475_,2.375
_0510_,2.375
_0520_,2.375
_0541_,2.375
_0571_,2.375
_0593_,2.375
_0594_,2.375
_0808_,2.375
_0814_,2.375
_0821_,2.375
_0899_,2.375
_0954_,2.375
_0958_,2.375
_2416_,2.34
_0016_,2.325
_0021_,2.325
_0032_,2.325
_0081_,2.325
_0117_,2.325
_0120_,2.325
_0133_,2.325
_0135_,2.325
_0161_,2.325
_0253_,2.325
_0322_,2.325
_0324_,2.325
_0333_,2.325
_0334_,2.325
_0358_,2.325
_0410_,2.325
_0440_,2.325
_0452_,2.325
_0497_,2.325
_0540_,2.325
_0556_,2.325
_0562_,2.325
_0564_,2.325
_0627_,2.325
_0677_,2.325
_0718_,2.325
_0744_,2.325
_0764_,2.325
_0779_,2.325
_0902_,2.325
_0975_,2.325
_0985_,2.325
_0987_,2.325
_0988_,2.325
_0992_,2.325
_0999_,2.325
_1017_,2.325
_1104_,2.3
_1212_,2.3
_1289_,2.3
_1441_,2.3
_1692_,2.3
_1768_,2.3
_1881_,2.3
_1898_,2.3
_1949_,2.3
_2099_,2.3
_2294_,2.3
_2322_,2.3
_2466_,2.3
_2612_,2.3
_2742_,2.3
_2753_,2.3
_2812_,2.3
_2914_,2.3
net149,2.3
net163,2.3
net165,2.3
net177,2.3
net178,2.3
net180,2.3
net183,2.3
net185,2.3
net186,2.3
net195,2.3
net200,2.3
net204,2.3
net206,2.3
net207,2.3
net220,2.3
net221,2.3
net226,2.3
net227,2.3
net233,2.3
net239,2.3
net241,2.3
net243,2.3
net245,2.3
net247,2.3
net262,2.3
net272,2.3
net278,2.3
net282,2.3
net293,2.3
net296,2.3
net299,2.3
net302,2.3
net322,2.3
net323,2.3
net339,2.3
net342,2.3
net350,2.3
net353,2.3
net374,2.3
net385,2.3
net389,2.3
net400,2.3
net411,2.3
net416,2.3
net422,2.3
net432,2.3
net435,2.3
net437,2.3
net440,2.3
net442,2.3
net447,2.3
net448,2.3
net474,2.3
net478,2.3
net485,2.3
net489,2.3
net498,2.3
net519,2.3
net528,2.3
net530,2.3
net542,2.3
net543,2.3
net551,2.3
net557,2.3
net562,2.3
net566,2.3
net569,2.3
net579,2.3
net580,2.3
net588,2.3
net603,2.3
net606,2.3
net607,2.3
net626,2.3
net655,2.3
net669,2.3
net671,2.3
net699,2.3
net706,2.3
net708,2.3
net720,2.3
net740,2.3
net761,2.3
net765,2.3
net778,2.3
net784,2.3
net809,2.3
net813,2.3
net838,2.3
net860,2.3
net954,2.3
net990,2.3
net996,2.3
net1019,2.3
net1078,2.3
net1098,2.3
_2048_,2.28
_2138_,2.28
_2854_,2.28
net314,2.275
_0203_,2.255
_0216_,2.255
_0257_,2.255
_0323_,2.255
_0325_,2.255
_0345_,2.255
_0456_,2.255
_0467_,2.255
_0533_,2.255
_0563_,2.255
_0575_,2.255
_0619_,2.255
_0826_,2.255
_0858_,2.255
_0876_,2.255
_1088_,2.22
net723,2.22
_1939_,2.185
_1582_,2.18
_2536_,2.18
_2816_,2.18
_2870_,2.18
net1013,2.18
_1253_,2.16
_1480_,2.16
_1498_,2.16
_1803_,2.16
_1827_,2.16
_1906_,2.16
_1977_,2.16
_2191_,2.16
_2287_,2.16
_2298_,2.16
_2539_,2.16
_2580_,2.16
_2724_,2.16
_2790_,2.16
_2900_,2.16
_2905_,2.16
_2919_,2.16
_2932_,2.16
_2945_,2.16
_3001_,2.16
_3152_,2.16
_3155_,2.16
_3176_,2.16
_3325_,2.16
_3338_,2.16
_3357_,2.16
_3445_,2.16
_3467_,2.16
_3502_,2.16
_3511_,2.16
_3656_,2.16
_3735_,2.16
_3755_,2.16
_3771_,2.16
_3779_,2.16
_4026_,2.16
_4120_,2.16
_4151_,2.16
_4163_,2.16
net283,2.16
net589,2.16
net981,2.16
net1043,2.16
net1066,2.16
net1076,2.16
_0001_,2.125
_0050_,2.125
_0051_,2.125
_0083_,2.125
_0125_,2.125
_0181_,2.125
_0204_,2.125
_0346_,2.125
_0499_,2.125
_0532_,2.125
_0648_,2.125
_0799_,2.125
_0905_,2.125
_0924_,2.125
_0092_,2.085
_0093_,2.085
_0154_,2.085
_0166_,2.085
_0205_,2.085
_0209_,2.085
_0210_,2.085
_0238_,2.085
_0270_,2.085
_0271_,2.085
_0278_,2.085
_0328_,2.085
_0350_,2.085
_0365_,2.085
_0441_,2.085
_0465_,2.085
_0477_,2.085
_0567_,2.085
_0645_,2.085
_0655_,2.085
_0734_,2.085
_0868_,2.085
_0881_,2.085
_0894_,2.085
_0966_,2.085
_0984_,2.085
_3003_,2.06
_3118_,2.06
_3142_,2.06
_3154_,2.06
_3166_,2.06
_3216_,2.06
_3259_,2.06
_3295_,2.06
_3299_,2.06
_3314_,2.06
_3315_,2.06
_3346_,2.06
_3493_,2.06
_3498_,2.06
_3548_,2.06
_3561_,2.06
_3576_,2.06
_3581_,2.06
_3583_,2.06
_3603_,2.06
_3609_,2.06
_3618_,2.06
_3627_,2.06
_3642_,2.06
_3688_,2.06
_3695_,2.06
_3737_,2.06
_3750_,2.06
_3775_,2.06
_3793_,2.06
_3803_,2.06
_3804_,2.06
_3809_,2.06
_3843_,2.06
_3850_,2.06
_3861_,2.06
_3891_,2.06
_3900_,2.06
_3904_,2.06
_3920_,2.06
_3925_,2.06
_3950_,2.06
_3979_,2.06
_4009_,2.06
_4022_,2.06
_4044_,2.06
_4050_,2.06
_4051_,2.06
_4067_,2.06
_4118_,2.06
_4142_,2.06
_4147_,2.06
_4206_,2.06
_4232_,2.06
_1091_,2.04
_1192_,2.04
_1703_,2.04
_2554_,2.04
_2555_,2.04
_2875_,2.04
_2895_,2.04
_2959_,2.04
_2983_,2.04
_3060_,2.04
_3208_,2.04
_3330_,2.04
_3351_,2.04
_3450_,2.04
_3639_,2.04
_3769_,2.04
_3961_,2.04
_4075_,2.04
net158,2.04
net193,2.04
net698,2.04
net716,2.04
net760,2.04
net837,2.04
_0373_,2.035
_0028_,2.025
_0047_,2.025
_0054_,2.025
_0066_,2.025
_0130_,2.025
_0134_,2.025
_0136_,2.025
_0143_,2.025
_0162_,2.025
_0163_,2.025
_0184_,2.025
_0190_,2.025
_0197_,2.025
_0208_,2.025
_0220_,2.025
_0223_,2.025
_0241_,2.025
_0258_,2.025
_0267_,2.025
_0330_,2.025
_0335_,2.025
_0361_,2.025
_0363_,2.025
_0368_,2.025
_0372_,2.025
_0391_,2.025
_0392_,2.025
_0398_,2.025
_0406_,2.025
_0414_,2.025
_0426_,2.025
_0437_,2.025
_0454_,2.025
_0480_,2.025
_0487_,2.025
_0501_,2.025
_0512_,2.025
_0516_,2.025
_0535_,2.025
_0543_,2.025
_0546_,2.025
_0547_,2.025
_0577_,2.025
_0580_,2.025
_0605_,2.025
_0612_,2.025
_0622_,2.025
_0625_,2.025
_0634_,2.025
_0636_,2.025
_0640_,2.025
_0660_,2.025
_0663_,2.025
_0700_,2.025
_0703_,2.025
_0715_,2.025
_0722_,2.025
_0742_,2.025
_0774_,2.025
_0781_,2.025
_0793_,2.025
_0794_,2.025
_0803_,2.025
_0823_,2.025
_0880_,2.025
_0895_,2.025
_0906_,2.025
_0911_,2.025
_0926_,2.025
_0931_,2.025
_0938_,2.025
_0967_,2.025
_0979_,2.025
_1014_,2.025
_1020_,2.025
_1023_,2.025
_1103_,1.94
_1119_,1.94
_1314_,1.94
_1424_,1.94
_1442_,1.94
_1486_,1.94
_1759_,1.94
_1852_,1.94
_2125_,1.94
_2301_,1.94
net145,1.94
net147,1.94
net261,1.94
net267,1.94
net312,1.94
net335,1.94
net378,1.94
net388,1.94
net453,1.94
net494,1.94
net518,1.94
net521,1.94
net537,1.94
net567,1.94
net612,1.94
net613,1.94
net735,1.94
net802,1.94
net862,1.94
net877,1.94
net1017,1.94
net1082,1.94
_1882_,1.93
_0058_,1.915
_0065_,1.915
_0100_,1.915
_0188_,1.915
_0225_,1.915
_0424_,1.915
_0425_,1.915
_0473_,1.915
_0553_,1.915
_0566_,1.915
_0687_,1.915
_0937_,1.915
_1924_,1.88
_0005_,1.865
_0034_,1.865
_0037_,1.865
_0060_,1.865
_0067_,1.865
_0075_,1.865
_0124_,1.865
_0148_,1.865
_0240_,1.865
_0285_,1.865
_0298_,1.865
_0309_,1.865
_0315_,1.865
_0327_,1.865
_0336_,1.865
_0356_,1.865
_0374_,1.865
_0379_,1.865
_0407_,1.865
_0534_,1.865
_0581_,1.865
_0588_,1.865
_0590_,1.865
_0595_,1.865
_0626_,1.865
_0666_,1.865
_0667_,1.865
_0673_,1.865
_0683_,1.865
_0704_,1.865
_0724_,1.865
_0735_,1.865
_0736_,1.865
_0756_,1.865
_0776_,1.865
_0785_,1.865
_0864_,1.865
_0900_,1.865
_0944_,1.865
_1011_,1.865
_2488_,1.865
_1076_,1.84
_1489_,1.84
_1771_,1.84
_1919_,1.84
_2655_,1.84
_2659_,1.84
_2800_,1.84
net300,1.84
net308,1.84
net309,1.84
net326,1.84
net417,1.84
net427,1.84
net431,1.84
net439,1.84
net466,1.84
net502,1.84
net505,1.84
net523,1.84
net548,1.84
net554,1.84
net555,1.84
net560,1.84
net571,1.84
net572,1.84
net602,1.84
net615,1.84
net619,1.84
net622,1.84
net630,1.84
net637,1.84
net656,1.84
net672,1.84
net673,1.84
net696,1.84
net715,1.84
net736,1.84
net737,1.84
net744,1.84
net748,1.84
net796,1.84
net799,1.84
net839,1.84
net843,1.84
net846,1.84
net868,1.84
net871,1.84
net873,1.84
net882,1.84
net891,1.84
net895,1.84
net902,1.84
net911,1.84
net914,1.84
net916,1.84
net917,1.84
net919,1.84
net926,1.84
net930,1.84
net932,1.84
net933,1.84
net947,1.84
net959,1.84
net970,1.84
net992,1.84
net994,1.84
net1001,1.84
net1005,1.84
net1006,1.84
net1009,1.84
net1012,1.84
net1015,1.84
net1018,1.84
net1022,1.84
net1045,1.84
net1057,1.84
net1072,1.84
net1084,1.84
net1101,1.84
net1112,1.84
net1115,1.84
net1117,1.84
_1263_,1.82
_0632_,1.745
_2563_,1.725
_1169_,1.72
_1504_,1.72
_2415_,1.72
_2628_,1.72
_2694_,1.72
_2734_,1.72
_2786_,1.72
_1633_,1.7
_1801_,1.7
_1975_,1.7
_2038_,1.7
_2324_,1.7
_2698_,1.7
_2760_,1.7
_3110_,1.7
_3138_,1.7
_3235_,1.7
_3250_,1.7
_3434_,1.7
_3707_,1.7
_3792_,1.7
_3910_,1.7
_4008_,1.7
net105,1.7
net700,1.7
net840,1.7
net1069,1.7
net1103,1.7
_2248_,1.695
_3156_,1.6
_3262_,1.6
_3386_,1.6
_3446_,1.6
_3538_,1.6
_3610_,1.6
_3649_,1.6
_3663_,1.6
_3697_,1.6
_3700_,1.6
_3723_,1.6
_3745_,1.6
_3806_,1.6
_3825_,1.6
_3838_,1.6
_3846_,1.6
_3899_,1.6
_3973_,1.6
_4040_,1.6
_4109_,1.6
_4177_,1.6
_0121_,1.575
_0149_,1.575
_0169_,1.575
_0306_,1.575
_0344_,1.575
_0432_,1.575
_0448_,1.575
_0464_,1.575
_0537_,1.575
_0629_,1.575
_0787_,1.575
_0837_,1.575
_0863_,1.575
_0870_,1.575
_0903_,1.575
_0962_,1.575
_1148_,1.48
_1325_,1.48
_1502_,1.48
_1506_,1.48
_1508_,1.48
_1520_,1.48
_1567_,1.48
_1695_,1.48
_1708_,1.48
_2203_,1.48
_2220_,1.48
_2268_,1.48
_2308_,1.48
_2592_,1.48
_2837_,1.48
_4038_,1.48
net169,1.48
net218,1.48
net288,1.48
net349,1.48
net401,1.48
net409,1.48
net414,1.48
net446,1.48
net592,1.48
net667,1.48
net766,1.48
net974,1.48
net1062,1.48
net1106,1.48
_0041_,1.405
_0116_,1.405
_0128_,1.405
_0212_,1.405
_0217_,1.405
_0264_,1.405
_0297_,1.405
_0449_,1.405
_0492_,1.405
_0500_,1.405
_0599_,1.405
_0617_,1.405
_0643_,1.405
_0678_,1.405
_0686_,1.405
_0733_,1.405
_0767_,1.405
_0947_,1.405
_0953_,1.405
_1006_,1.405
_1326_,1.38
_1662_,1.38
_1910_,1.38
_2338_,1.38
_2771_,1.38
_2849_,1.38
net108,1.38
net125,1.38
net130,1.38
_1067_,1.36
_2573_,1.36
net95,1.36
_3486_,1.355
_1347_,1.265
_1448_,1.26
_2552_,1.26
_1137_,1.15
_1544_,1.15
_1992_,1.15
_1377_,1.14
_1426_,1.14
_1905_,1.14
_2979_,1.14
_3009_,1.14
_3032_,1.14
_3072_,1.14
_3091_,1.14
_3134_,1.14
_3175_,1.14
_3251_,1.14
_3252_,1.14
_3272_,1.14
_3280_,1.14
_3286_,1.14
_3287_,1.14
_3311_,1.14
_3392_,1.14
_3402_,1.14
_3404_,1.14
_3415_,1.14
_3429_,1.14
_3457_,1.14
_3462_,1.14
_3481_,1.14
_3489_,1.14
_3491_,1.14
_3495_,1.14
_3517_,1.14
_3541_,1.14
_3546_,1.14
_3551_,1.14
_3564_,1.14
_3591_,1.14
_3600_,1.14
_3607_,1.14
_3619_,1.14
_3622_,1.14
_3645_,1.14
_3693_,1.14
_3717_,1.14
_3718_,1.14
_3726_,1.14
_3749_,1.14
_3751_,1.14
_3758_,1.14
_3774_,1.14
_3790_,1.14
_3802_,1.14
_3840_,1.14
_3842_,1.14
_3868_,1.14
_3877_,1.14
_3905_,1.14
_3906_,1.14
_3912_,1.14
_3938_,1.14
_3971_,1.14
_3981_,1.14
_3982_,1.14
_4013_,1.14
_4043_,1.14
_4054_,1.14
_4056_,1.14
_4078_,1.14
_4087_,1.14
_4097_,1.14
_4145_,1.14
_4166_,1.14
_4172_,1.14
_4181_,1.14
_4207_,1.14
_4208_,1.14
_4213_,1.14
_1962_,1.09
_2603_,1.085
_2615_,1.085
_2781_,1.085
_1167_,1.02
_1715_,1.02
_2144_,1.02
_2164_,1.02
net196,1.02
net481,1.02
net526,1.02
net550,1.02
net614,1.02
net924,1.02
net960,1.02
net1061,1.02
_2062_,0.92
_2266_,0.92
_2570_,0.92
_2836_,0.92
_2948_,0.92
_2949_,0.92
_2962_,0.92
net109,0.92
net122,0.92
_1221_,0.8
_2769_,0.8
_2863_,0.8
_2750_,0.56
_1921_,0.46
_2184_,0.46
_2233_,0.46
_2380_,0.46
_2663_,0.46
_2809_,0.46
net114,0.46
